time,requests
01-01-00-00,6
01-01-00-01,6
01-01-00-02,11
01-01-00-03,9
01-01-00-04,13
01-01-00-05,9
01-01-00-06,10
01-01-00-07,10
01-01-00-08,9
01-01-00-09,9
01-01-00-10,11
01-01-00-11,9
01-01-00-12,5
01-01-00-13,10
01-01-00-14,11
01-01-00-15,9
01-01-00-16,11
01-01-00-17,10
01-01-00-18,8
01-01-00-19,10
01-01-00-20,9
01-01-00-21,13
01-01-00-22,10
01-01-00-23,10
01-01-00-24,8
01-01-00-25,10
01-01-00-26,9
01-01-00-27,10
01-01-00-28,11
01-01-00-29,12
01-01-00-30,11
01-01-00-31,9
01-01-00-32,10
01-01-00-33,8
01-01-00-34,10
01-01-00-35,10
01-01-00-36,10
01-01-00-37,9
01-01-00-38,8
01-01-00-39,7
01-01-00-40,11
01-01-00-41,10
01-01-00-42,11
01-01-00-43,10
01-01-00-44,7
01-01-00-45,7
01-01-00-46,10
01-01-00-47,10
01-01-00-48,10
01-01-00-49,12
01-01-00-50,8
01-01-00-51,9
01-01-00-52,10
01-01-00-53,11
01-01-00-54,10
01-01-00-55,11
01-01-00-56,11
01-01-00-57,9
01-01-00-58,9
01-01-00-59,10
01-01-01-00,10
01-01-01-01,11
01-01-01-02,8
01-01-01-03,9
01-01-01-04,11
01-01-01-05,9
01-01-01-06,11
01-01-01-07,10
01-01-01-08,10
01-01-01-09,8
01-01-01-10,10
01-01-01-11,9
01-01-01-12,9
01-01-01-13,11
01-01-01-14,11
01-01-01-15,8
01-01-01-16,10
01-01-01-17,12
01-01-01-18,8
01-01-01-19,9
01-01-01-20,9
01-01-01-21,9
01-01-01-22,10
01-01-01-23,9
01-01-01-24,10
01-01-01-25,8
01-01-01-26,8
01-01-01-27,10
01-01-01-28,9
01-01-01-29,10
01-01-01-30,10
01-01-01-31,10
01-01-01-32,8
01-01-01-33,10
01-01-01-34,11
01-01-01-35,13
01-01-01-36,8
01-01-01-37,11
01-01-01-38,9
01-01-01-39,9
01-01-01-40,7
01-01-01-41,8
01-01-01-42,9
01-01-01-43,7
01-01-01-44,11
01-01-01-45,7
01-01-01-46,13
01-01-01-47,10
01-01-01-48,10
01-01-01-49,8
01-01-01-50,10
01-01-01-51,7
01-01-01-52,10
01-01-01-53,9
01-01-01-54,11
01-01-01-55,8
01-01-01-56,10
01-01-01-57,10
01-01-01-58,11
01-01-01-59,8
01-01-02-00,8
01-01-02-01,12
01-01-02-02,8
01-01-02-03,8
01-01-02-04,10
01-01-02-05,10
01-01-02-06,10
01-01-02-07,7
01-01-02-08,10
01-01-02-09,11
01-01-02-10,11
01-01-02-11,10
01-01-02-12,8
01-01-02-13,8
01-01-02-14,11
01-01-02-15,10
01-01-02-16,6
01-01-02-17,10
01-01-02-18,10
01-01-02-19,10
01-01-02-20,10
01-01-02-21,8
01-01-02-22,10
01-01-02-23,10
01-01-02-24,10
01-01-02-25,9
01-01-02-26,11
01-01-02-27,13
01-01-02-28,10
01-01-02-29,8
01-01-02-30,10
01-01-02-31,9
01-01-02-32,10
01-01-02-33,9
01-01-02-34,10
01-01-02-35,9
01-01-02-36,9
01-01-02-37,10
01-01-02-38,9
01-01-02-39,8
01-01-02-40,8
01-01-02-41,9
01-01-02-42,7
01-01-02-43,9
01-01-02-44,8
01-01-02-45,10
01-01-02-46,9
01-01-02-47,9
01-01-02-48,7
01-01-02-49,11
01-01-02-50,9
01-01-02-51,10
01-01-02-52,8
01-01-02-53,9
01-01-02-54,11
01-01-02-55,8
01-01-02-56,8
01-01-02-57,9
01-01-02-58,9
01-01-02-59,10
01-01-03-00,9
01-01-03-01,10
01-01-03-02,10
01-01-03-03,12
01-01-03-04,10
01-01-03-05,9
01-01-03-06,9
01-01-03-07,10
01-01-03-08,9
01-01-03-09,8
01-01-03-10,10
01-01-03-11,8
01-01-03-12,11
01-01-03-13,8
01-01-03-14,12
01-01-03-15,11
01-01-03-16,10
01-01-03-17,10
01-01-03-18,10
01-01-03-19,9
01-01-03-20,8
01-01-03-21,13
01-01-03-22,9
01-01-03-23,9
01-01-03-24,9
01-01-03-25,11
01-01-03-26,11
01-01-03-27,10
01-01-03-28,12
01-01-03-29,10
01-01-03-30,11
01-01-03-31,9
01-01-03-32,11
01-01-03-33,8
01-01-03-34,11
01-01-03-35,10
01-01-03-36,8
01-01-03-37,10
01-01-03-38,13
01-01-03-39,8
01-01-03-40,11
01-01-03-41,10
01-01-03-42,8
01-01-03-43,9
01-01-03-44,9
01-01-03-45,10
01-01-03-46,10
01-01-03-47,9
01-01-03-48,9
01-01-03-49,10
01-01-03-50,9
01-01-03-51,10
01-01-03-52,10
01-01-03-53,11
01-01-03-54,8
01-01-03-55,7
01-01-03-56,9
01-01-03-57,7
01-01-03-58,10
01-01-03-59,10
01-01-04-00,8
01-01-04-01,12
01-01-04-02,9
01-01-04-03,11
01-01-04-04,8
01-01-04-05,13
01-01-04-06,10
01-01-04-07,11
01-01-04-08,11
01-01-04-09,8
01-01-04-10,9
01-01-04-11,10
01-01-04-12,8
01-01-04-13,10
01-01-04-14,12
01-01-04-15,9
01-01-04-16,10
01-01-04-17,10
01-01-04-18,12
01-01-04-19,8
01-01-04-20,10
01-01-04-21,10
01-01-04-22,9
01-01-04-23,10
01-01-04-24,10
01-01-04-25,9
01-01-04-26,10
01-01-04-27,11
01-01-04-28,8
01-01-04-29,10
01-01-04-30,9
01-01-04-31,9
01-01-04-32,10
01-01-04-33,10
01-01-04-34,9
01-01-04-35,10
01-01-04-36,11
01-01-04-37,9
01-01-04-38,12
01-01-04-39,10
01-01-04-40,8
01-01-04-41,11
01-01-04-42,8
01-01-04-43,9
01-01-04-44,8
01-01-04-45,10
01-01-04-46,13
01-01-04-47,9
01-01-04-48,14
01-01-04-49,10
01-01-04-50,10
01-01-04-51,7
01-01-04-52,10
01-01-04-53,10
01-01-04-54,10
01-01-04-55,11
01-01-04-56,11
01-01-04-57,8
01-01-04-58,9
01-01-04-59,10
01-01-05-00,12
01-01-05-01,10
01-01-05-02,11
01-01-05-03,10
01-01-05-04,9
01-01-05-05,10
01-01-05-06,10
01-01-05-07,11
01-01-05-08,9
01-01-05-09,11
01-01-05-10,8
01-01-05-11,10
01-01-05-12,11
01-01-05-13,9
01-01-05-14,9
01-01-05-15,8
01-01-05-16,10
01-01-05-17,9
01-01-05-18,11
01-01-05-19,9
01-01-05-20,6
01-01-05-21,11
01-01-05-22,10
01-01-05-23,7
01-01-05-24,11
01-01-05-25,12
01-01-05-26,10
01-01-05-27,11
01-01-05-28,8
01-01-05-29,10
01-01-05-30,9
01-01-05-31,8
01-01-05-32,5
01-01-05-33,7
01-01-05-34,8
01-01-05-35,9
01-01-05-36,10
01-01-05-37,10
01-01-05-38,8
01-01-05-39,10
01-01-05-40,13
01-01-05-41,10
01-01-05-42,9
01-01-05-43,10
01-01-05-44,12
01-01-05-45,12
01-01-05-46,10
01-01-05-47,11
01-01-05-48,10
01-01-05-49,12
01-01-05-50,9
01-01-05-51,8
01-01-05-52,11
01-01-05-53,7
01-01-05-54,8
01-01-05-55,7
01-01-05-56,7
01-01-05-57,12
01-01-05-58,10
01-01-05-59,7
01-01-06-00,11
01-01-06-01,10
01-01-06-02,8
01-01-06-03,10
01-01-06-04,10
01-01-06-05,10
01-01-06-06,7
01-01-06-07,12
01-01-06-08,8
01-01-06-09,7
01-01-06-10,8
01-01-06-11,12
01-01-06-12,10
01-01-06-13,9
01-01-06-14,11
01-01-06-15,10
01-01-06-16,10
01-01-06-17,9
01-01-06-18,11
01-01-06-19,8
01-01-06-20,8
01-01-06-21,9
01-01-06-22,8
01-01-06-23,8
01-01-06-24,12
01-01-06-25,12
01-01-06-26,8
01-01-06-27,9
01-01-06-28,7
01-01-06-29,11
01-01-06-30,10
01-01-06-31,12
01-01-06-32,10
01-01-06-33,9
01-01-06-34,10
01-01-06-35,11
01-01-06-36,11
01-01-06-37,10
01-01-06-38,6
01-01-06-39,12
01-01-06-40,9
01-01-06-41,8
01-01-06-42,10
01-01-06-43,10
01-01-06-44,11
01-01-06-45,9
01-01-06-46,10
01-01-06-47,9
01-01-06-48,8
01-01-06-49,11
01-01-06-50,9
01-01-06-51,10
01-01-06-52,8
01-01-06-53,12
01-01-06-54,10
01-01-06-55,10
01-01-06-56,8
01-01-06-57,11
01-01-06-58,11
01-01-06-59,10
01-01-07-00,11
01-01-07-01,11
01-01-07-02,12
01-01-07-03,12
01-01-07-04,10
01-01-07-05,10
01-01-07-06,9
01-01-07-07,8
01-01-07-08,9
01-01-07-09,12
01-01-07-10,9
01-01-07-11,10
01-01-07-12,10
01-01-07-13,8
01-01-07-14,9
01-01-07-15,11
01-01-07-16,10
01-01-07-17,8
01-01-07-18,12
01-01-07-19,9
01-01-07-20,11
01-01-07-21,10
01-01-07-22,13
01-01-07-23,9
01-01-07-24,9
01-01-07-25,8
01-01-07-26,7
01-01-07-27,6
01-01-07-28,10
01-01-07-29,8
01-01-07-30,8
01-01-07-31,9
01-01-07-32,7
01-01-07-33,10
01-01-07-34,9
01-01-07-35,11
01-01-07-36,11
01-01-07-37,9
01-01-07-38,11
01-01-07-39,9
01-01-07-40,10
01-01-07-41,9
01-01-07-42,11
01-01-07-43,11
01-01-07-44,10
01-01-07-45,12
01-01-07-46,9
01-01-07-47,10
01-01-07-48,7
01-01-07-49,9
01-01-07-50,10
01-01-07-51,9
01-01-07-52,9
01-01-07-53,8
01-01-07-54,8
01-01-07-55,7
01-01-07-56,10
01-01-07-57,8
01-01-07-58,9
01-01-07-59,11
01-01-08-00,9
01-01-08-01,11
01-01-08-02,10
01-01-08-03,10
01-01-08-04,10
01-01-08-05,9
01-01-08-06,10
01-01-08-07,11
01-01-08-08,11
01-01-08-09,8
01-01-08-10,9
01-01-08-11,12
01-01-08-12,8
01-01-08-13,7
01-01-08-14,10
01-01-08-15,11
01-01-08-16,9
01-01-08-17,9
01-01-08-18,8
01-01-08-19,9
01-01-08-20,9
01-01-08-21,11
01-01-08-22,6
01-01-08-23,9
01-01-08-24,7
01-01-08-25,11
01-01-08-26,12
01-01-08-27,9
01-01-08-28,9
01-01-08-29,9
01-01-08-30,10
01-01-08-31,8
01-01-08-32,11
01-01-08-33,10
01-01-08-34,10
01-01-08-35,8
01-01-08-36,9
01-01-08-37,9
01-01-08-38,10
01-01-08-39,8
01-01-08-40,8
01-01-08-41,10
01-01-08-42,10
01-01-08-43,9
01-01-08-44,12
01-01-08-45,9
01-01-08-46,8
01-01-08-47,7
01-01-08-48,10
01-01-08-49,10
01-01-08-50,11
01-01-08-51,10
01-01-08-52,12
01-01-08-53,8
01-01-08-54,10
01-01-08-55,9
01-01-08-56,8
01-01-08-57,11
01-01-08-58,8
01-01-08-59,12
01-01-09-00,9
01-01-09-01,12
01-01-09-02,12
01-01-09-03,10
01-01-09-04,10
01-01-09-05,11
01-01-09-06,7
01-01-09-07,9
01-01-09-08,10
01-01-09-09,10
01-01-09-10,8
01-01-09-11,11
01-01-09-12,12
01-01-09-13,9
01-01-09-14,7
01-01-09-15,11
01-01-09-16,11
01-01-09-17,11
01-01-09-18,9
01-01-09-19,9
01-01-09-20,10
01-01-09-21,11
01-01-09-22,8
01-01-09-23,9
01-01-09-24,9
01-01-09-25,10
01-01-09-26,8
01-01-09-27,10
01-01-09-28,10
01-01-09-29,9
01-01-09-30,11
01-01-09-31,10
01-01-09-32,8
01-01-09-33,12
01-01-09-34,9
01-01-09-35,10
01-01-09-36,10
01-01-09-37,9
01-01-09-38,10
01-01-09-39,13
01-01-09-40,9
01-01-09-41,9
01-01-09-42,7
01-01-09-43,8
01-01-09-44,6
01-01-09-45,13
01-01-09-46,9
01-01-09-47,12
01-01-09-48,9
01-01-09-49,9
01-01-09-50,7
01-01-09-51,8
01-01-09-52,9
01-01-09-53,10
01-01-09-54,10
01-01-09-55,9
01-01-09-56,8
01-01-09-57,10
01-01-09-58,10
01-01-09-59,10
01-01-10-00,9
01-01-10-01,9
01-01-10-02,10
01-01-10-03,7
01-01-10-04,11
01-01-10-05,10
01-01-10-06,10
01-01-10-07,10
01-01-10-08,11
01-01-10-09,9
01-01-10-10,8
01-01-10-11,12
01-01-10-12,8
01-01-10-13,10
01-01-10-14,8
01-01-10-15,9
01-01-10-16,8
01-01-10-17,8
01-01-10-18,9
01-01-10-19,9
01-01-10-20,9
01-01-10-21,10
01-01-10-22,10
01-01-10-23,10
01-01-10-24,9
01-01-10-25,8
01-01-10-26,11
01-01-10-27,10
01-01-10-28,5
01-01-10-29,9
01-01-10-30,8
01-01-10-31,9
01-01-10-32,9
01-01-10-33,7
01-01-10-34,11
01-01-10-35,11
01-01-10-36,10
01-01-10-37,10
01-01-10-38,10
01-01-10-39,10
01-01-10-40,9
01-01-10-41,9
01-01-10-42,11
01-01-10-43,9
01-01-10-44,10
01-01-10-45,10
01-01-10-46,10
01-01-10-47,8
01-01-10-48,11
01-01-10-49,11
01-01-10-50,11
01-01-10-51,9
01-01-10-52,10
01-01-10-53,8
01-01-10-54,9
01-01-10-55,8
01-01-10-56,10
01-01-10-57,10
01-01-10-58,9
01-01-10-59,10
01-01-11-00,10
01-01-11-01,9
01-01-11-02,11
01-01-11-03,10
01-01-11-04,9
01-01-11-05,9
01-01-11-06,7
01-01-11-07,10
01-01-11-08,11
01-01-11-09,11
01-01-11-10,10
01-01-11-11,9
01-01-11-12,10
01-01-11-13,10
01-01-11-14,10
01-01-11-15,11
01-01-11-16,10
01-01-11-17,10
01-01-11-18,10
01-01-11-19,8
01-01-11-20,11
01-01-11-21,9
01-01-11-22,9
01-01-11-23,12
01-01-11-24,10
01-01-11-25,9
01-01-11-26,9
01-01-11-27,11
01-01-11-28,11
01-01-11-29,10
01-01-11-30,9
01-01-11-31,10
01-01-11-32,12
01-01-11-33,9
01-01-11-34,8
01-01-11-35,13
01-01-11-36,8
01-01-11-37,9
01-01-11-38,10
01-01-11-39,11
01-01-11-40,9
01-01-11-41,9
01-01-11-42,9
01-01-11-43,10
01-01-11-44,9
01-01-11-45,10
01-01-11-46,11
01-01-11-47,10
01-01-11-48,9
01-01-11-49,10
01-01-11-50,9
01-01-11-51,9
01-01-11-52,9
01-01-11-53,10
01-01-11-54,10
01-01-11-55,12
01-01-11-56,13
01-01-11-57,9
01-01-11-58,10
01-01-11-59,8
01-01-12-00,10
01-01-12-01,10
01-01-12-02,7
01-01-12-03,10
01-01-12-04,10
01-01-12-05,10
01-01-12-06,11
01-01-12-07,9
01-01-12-08,9
01-01-12-09,7
01-01-12-10,13
01-01-12-11,8
01-01-12-12,9
01-01-12-13,12
01-01-12-14,10
01-01-12-15,8
01-01-12-16,10
01-01-12-17,9
01-01-12-18,11
01-01-12-19,10
01-01-12-20,10
01-01-12-21,12
01-01-12-22,8
01-01-12-23,10
01-01-12-24,10
01-01-12-25,10
01-01-12-26,9
01-01-12-27,8
01-01-12-28,11
01-01-12-29,11
01-01-12-30,9
01-01-12-31,7
01-01-12-32,10
01-01-12-33,12
01-01-12-34,11
01-01-12-35,10
01-01-12-36,9
01-01-12-37,12
01-01-12-38,8
01-01-12-39,11
01-01-12-40,9
01-01-12-41,10
01-01-12-42,11
01-01-12-43,10
01-01-12-44,11
01-01-12-45,9
01-01-12-46,11
01-01-12-47,10
01-01-12-48,9
01-01-12-49,8
01-01-12-50,9
01-01-12-51,9
01-01-12-52,8
01-01-12-53,8
01-01-12-54,12
01-01-12-55,9
01-01-12-56,10
01-01-12-57,10
01-01-12-58,8
01-01-12-59,8
01-01-13-00,9
01-01-13-01,8
01-01-13-02,9
01-01-13-03,6
01-01-13-04,9
01-01-13-05,11
01-01-13-06,8
01-01-13-07,12
01-01-13-08,8
01-01-13-09,8
01-01-13-10,10
01-01-13-11,10
01-01-13-12,8
01-01-13-13,10
01-01-13-14,9
01-01-13-15,8
01-01-13-16,8
01-01-13-17,9
01-01-13-18,11
01-01-13-19,10
01-01-13-20,6
01-01-13-21,11
01-01-13-22,7
01-01-13-23,13
01-01-13-24,11
01-01-13-25,7
01-01-13-26,11
01-01-13-27,12
01-01-13-28,9
01-01-13-29,8
01-01-13-30,11
01-01-13-31,10
01-01-13-32,9
01-01-13-33,10
01-01-13-34,8
01-01-13-35,10
01-01-13-36,7
01-01-13-37,10
01-01-13-38,8
01-01-13-39,12
01-01-13-40,8
01-01-13-41,9
01-01-13-42,9
01-01-13-43,9
01-01-13-44,8
01-01-13-45,10
01-01-13-46,9
01-01-13-47,6
01-01-13-48,10
01-01-13-49,10
01-01-13-50,9
01-01-13-51,7
01-01-13-52,8
01-01-13-53,9
01-01-13-54,11
01-01-13-55,11
01-01-13-56,11
01-01-13-57,8
01-01-13-58,8
01-01-13-59,11
01-01-14-00,9
01-01-14-01,7
01-01-14-02,10
01-01-14-03,10
01-01-14-04,11
01-01-14-05,11
01-01-14-06,9
01-01-14-07,10
01-01-14-08,10
01-01-14-09,9
01-01-14-10,8
01-01-14-11,12
01-01-14-12,11
01-01-14-13,10
01-01-14-14,10
01-01-14-15,8
01-01-14-16,10
01-01-14-17,10
01-01-14-18,10
01-01-14-19,11
01-01-14-20,9
01-01-14-21,11
01-01-14-22,9
01-01-14-23,10
01-01-14-24,11
01-01-14-25,10
01-01-14-26,9
01-01-14-27,11
01-01-14-28,9
01-01-14-29,9
01-01-14-30,10
01-01-14-31,10
01-01-14-32,7
01-01-14-33,7
01-01-14-34,9
01-01-14-35,12
01-01-14-36,8
01-01-14-37,12
01-01-14-38,10
01-01-14-39,10
01-01-14-40,8
01-01-14-41,11
01-01-14-42,7
01-01-14-43,9
01-01-14-44,9
01-01-14-45,10
01-01-14-46,9
01-01-14-47,9
01-01-14-48,9
01-01-14-49,8
01-01-14-50,8
01-01-14-51,9
01-01-14-52,11
01-01-14-53,11
01-01-14-54,10
01-01-14-55,10
01-01-14-56,9
01-01-14-57,9
01-01-14-58,10
01-01-14-59,12
01-01-15-00,10
01-01-15-01,11
01-01-15-02,9
01-01-15-03,9
01-01-15-04,10
01-01-15-05,10
01-01-15-06,7
01-01-15-07,8
01-01-15-08,10
01-01-15-09,10
01-01-15-10,8
01-01-15-11,8
01-01-15-12,11
01-01-15-13,10
01-01-15-14,11
01-01-15-15,8
01-01-15-16,10
01-01-15-17,8
01-01-15-18,7
01-01-15-19,11
01-01-15-20,8
01-01-15-21,10
01-01-15-22,11
01-01-15-23,10
01-01-15-24,10
01-01-15-25,8
01-01-15-26,12
01-01-15-27,11
01-01-15-28,10
01-01-15-29,10
01-01-15-30,7
01-01-15-31,10
01-01-15-32,11
01-01-15-33,9
01-01-15-34,7
01-01-15-35,10
01-01-15-36,11
01-01-15-37,9
01-01-15-38,9
01-01-15-39,9
01-01-15-40,10
01-01-15-41,8
01-01-15-42,9
01-01-15-43,9
01-01-15-44,10
01-01-15-45,12
01-01-15-46,7
01-01-15-47,10
01-01-15-48,9
01-01-15-49,10
01-01-15-50,10
01-01-15-51,12
01-01-15-52,10
01-01-15-53,12
01-01-15-54,11
01-01-15-55,10
01-01-15-56,10
01-01-15-57,9
01-01-15-58,7
01-01-15-59,8
01-01-16-00,12
01-01-16-01,9
01-01-16-02,11
01-01-16-03,7
01-01-16-04,10
01-01-16-05,10
01-01-16-06,11
01-01-16-07,10
01-01-16-08,9
01-01-16-09,9
01-01-16-10,11
01-01-16-11,9
01-01-16-12,11
01-01-16-13,11
01-01-16-14,11
01-01-16-15,10
01-01-16-16,10
01-01-16-17,11
01-01-16-18,8
01-01-16-19,11
01-01-16-20,10
01-01-16-21,9
01-01-16-22,12
01-01-16-23,9
01-01-16-24,9
01-01-16-25,10
01-01-16-26,9
01-01-16-27,7
01-01-16-28,9
01-01-16-29,9
01-01-16-30,8
01-01-16-31,11
01-01-16-32,9
01-01-16-33,7
01-01-16-34,9
01-01-16-35,11
01-01-16-36,11
01-01-16-37,7
01-01-16-38,8
01-01-16-39,9
01-01-16-40,8
01-01-16-41,8
01-01-16-42,11
01-01-16-43,10
01-01-16-44,9
01-01-16-45,10
01-01-16-46,10
01-01-16-47,10
01-01-16-48,10
01-01-16-49,10
01-01-16-50,8
01-01-16-51,12
01-01-16-52,7
01-01-16-53,10
01-01-16-54,11
01-01-16-55,10
01-01-16-56,11
01-01-16-57,14
01-01-16-58,12
01-01-16-59,11
01-01-17-00,7
01-01-17-01,12
01-01-17-02,9
01-01-17-03,10
01-01-17-04,12
01-01-17-05,8
01-01-17-06,12
01-01-17-07,10
01-01-17-08,9
01-01-17-09,9
01-01-17-10,9
01-01-17-11,9
01-01-17-12,9
01-01-17-13,10
01-01-17-14,7
01-01-17-15,10
01-01-17-16,10
01-01-17-17,8
01-01-17-18,10
01-01-17-19,11
01-01-17-20,9
01-01-17-21,10
01-01-17-22,10
01-01-17-23,11
01-01-17-24,9
01-01-17-25,9
01-01-17-26,9
01-01-17-27,9
01-01-17-28,9
01-01-17-29,10
01-01-17-30,11
01-01-17-31,12
01-01-17-32,10
01-01-17-33,9
01-01-17-34,7
01-01-17-35,10
01-01-17-36,8
01-01-17-37,9
01-01-17-38,11
01-01-17-39,9
01-01-17-40,9
01-01-17-41,10
01-01-17-42,11
01-01-17-43,9
01-01-17-44,9
01-01-17-45,8
01-01-17-46,10
01-01-17-47,7
01-01-17-48,11
01-01-17-49,8
01-01-17-50,9
01-01-17-51,9
01-01-17-52,7
01-01-17-53,11
01-01-17-54,11
01-01-17-55,9
01-01-17-56,10
01-01-17-57,10
01-01-17-58,9
01-01-17-59,10
01-01-18-00,9
01-01-18-01,9
01-01-18-02,13
01-01-18-03,12
01-01-18-04,11
01-01-18-05,11
01-01-18-06,11
01-01-18-07,9
01-01-18-08,10
01-01-18-09,9
01-01-18-10,11
01-01-18-11,10
01-01-18-12,8
01-01-18-13,11
01-01-18-14,8
01-01-18-15,10
01-01-18-16,11
01-01-18-17,8
01-01-18-18,9
01-01-18-19,11
01-01-18-20,9
01-01-18-21,9
01-01-18-22,8
01-01-18-23,9
01-01-18-24,11
01-01-18-25,10
01-01-18-26,10
01-01-18-27,10
01-01-18-28,8
01-01-18-29,9
01-01-18-30,10
01-01-18-31,10
01-01-18-32,7
01-01-18-33,9
01-01-18-34,9
01-01-18-35,8
01-01-18-36,7
01-01-18-37,6
01-01-18-38,10
01-01-18-39,9
01-01-18-40,8
01-01-18-41,8
01-01-18-42,10
01-01-18-43,9
01-01-18-44,11
01-01-18-45,9
01-01-18-46,11
01-01-18-47,14
01-01-18-48,9
01-01-18-49,10
01-01-18-50,9
01-01-18-51,8
01-01-18-52,11
01-01-18-53,10
01-01-18-54,9
01-01-18-55,9
01-01-18-56,11
01-01-18-57,12
01-01-18-58,12
01-01-18-59,13
01-01-19-00,10
01-01-19-01,12
01-01-19-02,9
01-01-19-03,7
01-01-19-04,11
01-01-19-05,10
01-01-19-06,9
01-01-19-07,9
01-01-19-08,10
01-01-19-09,11
01-01-19-10,9
01-01-19-11,10
01-01-19-12,9
01-01-19-13,9
01-01-19-14,10
01-01-19-15,9
01-01-19-16,9
01-01-19-17,10
01-01-19-18,10
01-01-19-19,10
01-01-19-20,11
01-01-19-21,7
01-01-19-22,10
01-01-19-23,10
01-01-19-24,11
01-01-19-25,8
01-01-19-26,11
01-01-19-27,6
01-01-19-28,10
01-01-19-29,8
01-01-19-30,11
01-01-19-31,7
01-01-19-32,12
01-01-19-33,11
01-01-19-34,11
01-01-19-35,9
01-01-19-36,11
01-01-19-37,11
01-01-19-38,8
01-01-19-39,8
01-01-19-40,13
01-01-19-41,10
01-01-19-42,9
01-01-19-43,8
01-01-19-44,8
01-01-19-45,6
01-01-19-46,11
01-01-19-47,7
01-01-19-48,10
01-01-19-49,8
01-01-19-50,9
01-01-19-51,9
01-01-19-52,7
01-01-19-53,11
01-01-19-54,11
01-01-19-55,9
01-01-19-56,10
01-01-19-57,11
01-01-19-58,10
01-01-19-59,11
01-01-20-00,10
01-01-20-01,10
01-01-20-02,9
01-01-20-03,9
01-01-20-04,10
01-01-20-05,8
01-01-20-06,8
01-01-20-07,9
01-01-20-08,8
01-01-20-09,10
01-01-20-10,10
01-01-20-11,10
01-01-20-12,9
01-01-20-13,11
01-01-20-14,9
01-01-20-15,11
01-01-20-16,9
01-01-20-17,10
01-01-20-18,11
01-01-20-19,9
01-01-20-20,8
01-01-20-21,8
01-01-20-22,10
01-01-20-23,10
01-01-20-24,9
01-01-20-25,11
01-01-20-26,10
01-01-20-27,10
01-01-20-28,9
01-01-20-29,11
01-01-20-30,10
01-01-20-31,8
01-01-20-32,9
01-01-20-33,9
01-01-20-34,10
01-01-20-35,8
01-01-20-36,9
01-01-20-37,11
01-01-20-38,9
01-01-20-39,8
01-01-20-40,9
01-01-20-41,8
01-01-20-42,11
01-01-20-43,11
01-01-20-44,11
01-01-20-45,9
01-01-20-46,8
01-01-20-47,9
01-01-20-48,9
01-01-20-49,9
01-01-20-50,10
01-01-20-51,7
01-01-20-52,13
01-01-20-53,10
01-01-20-54,12
01-01-20-55,9
01-01-20-56,12
01-01-20-57,11
01-01-20-58,9
01-01-20-59,12
01-01-21-00,9
01-01-21-01,9
01-01-21-02,11
01-01-21-03,8
01-01-21-04,10
01-01-21-05,8
01-01-21-06,9
01-01-21-07,9
01-01-21-08,11
01-01-21-09,12
01-01-21-10,11
01-01-21-11,10
01-01-21-12,9
01-01-21-13,8
01-01-21-14,10
01-01-21-15,12
01-01-21-16,10
01-01-21-17,10
01-01-21-18,11
01-01-21-19,10
01-01-21-20,11
01-01-21-21,8
01-01-21-22,11
01-01-21-23,10
01-01-21-24,10
01-01-21-25,8
01-01-21-26,8
01-01-21-27,10
01-01-21-28,8
01-01-21-29,10
01-01-21-30,6
01-01-21-31,9
01-01-21-32,11
01-01-21-33,11
01-01-21-34,9
01-01-21-35,12
01-01-21-36,10
01-01-21-37,10
01-01-21-38,8
01-01-21-39,12
01-01-21-40,8
01-01-21-41,8
01-01-21-42,9
01-01-21-43,8
01-01-21-44,9
01-01-21-45,10
01-01-21-46,10
01-01-21-47,11
01-01-21-48,12
01-01-21-49,6
01-01-21-50,10
01-01-21-51,10
01-01-21-52,12
01-01-21-53,11
01-01-21-54,10
01-01-21-55,8
01-01-21-56,13
01-01-21-57,9
01-01-21-58,11
01-01-21-59,9
01-01-22-00,9
01-01-22-01,10
01-01-22-02,9
01-01-22-03,10
01-01-22-04,9
01-01-22-05,11
01-01-22-06,7
01-01-22-07,10
01-01-22-08,10
01-01-22-09,9
01-01-22-10,9
01-01-22-11,9
01-01-22-12,11
01-01-22-13,10
01-01-22-14,10
01-01-22-15,10
01-01-22-16,11
01-01-22-17,9
01-01-22-18,9
01-01-22-19,11
01-01-22-20,9
01-01-22-21,10
01-01-22-22,9
01-01-22-23,11
01-01-22-24,9
01-01-22-25,8
01-01-22-26,9
01-01-22-27,9
01-01-22-28,11
01-01-22-29,9
01-01-22-30,8
01-01-22-31,12
01-01-22-32,11
01-01-22-33,9
01-01-22-34,9
01-01-22-35,11
01-01-22-36,8
01-01-22-37,9
01-01-22-38,9
01-01-22-39,9
01-01-22-40,9
01-01-22-41,9
01-01-22-42,8
01-01-22-43,10
01-01-22-44,9
01-01-22-45,12
01-01-22-46,11
01-01-22-47,9
01-01-22-48,9
01-01-22-49,8
01-01-22-50,10
01-01-22-51,11
01-01-22-52,9
01-01-22-53,9
01-01-22-54,9
01-01-22-55,11
01-01-22-56,7
01-01-22-57,7
01-01-22-58,8
01-01-22-59,10
01-01-23-00,8
01-01-23-01,13
01-01-23-02,14
01-01-23-03,11
01-01-23-04,9
01-01-23-05,9
01-01-23-06,8
01-01-23-07,8
01-01-23-08,12
01-01-23-09,12
01-01-23-10,10
01-01-23-11,10
01-01-23-12,7
01-01-23-13,9
01-01-23-14,10
01-01-23-15,8
01-01-23-16,8
01-01-23-17,9
01-01-23-18,8
01-01-23-19,10
01-01-23-20,11
01-01-23-21,8
01-01-23-22,11
01-01-23-23,10
01-01-23-24,9
01-01-23-25,12
01-01-23-26,11
01-01-23-27,10
01-01-23-28,8
01-01-23-29,10
01-01-23-30,9
01-01-23-31,9
01-01-23-32,10
01-01-23-33,10
01-01-23-34,9
01-01-23-35,10
01-01-23-36,11
01-01-23-37,10
01-01-23-38,7
01-01-23-39,8
01-01-23-40,12
01-01-23-41,11
01-01-23-42,11
01-01-23-43,8
01-01-23-44,9
01-01-23-45,11
01-01-23-46,10
01-01-23-47,9
01-01-23-48,9
01-01-23-49,9
01-01-23-50,11
01-01-23-51,11
01-01-23-52,9
01-01-23-53,9
01-01-23-54,12
01-01-23-55,10
01-01-23-56,11
01-01-23-57,9
01-01-23-58,11
01-01-23-59,9
01-02-00-00,9
01-02-00-01,10
01-02-00-02,8
01-02-00-03,12
01-02-00-04,10
01-02-00-05,10
01-02-00-06,10
01-02-00-07,11
01-02-00-08,7
01-02-00-09,10
01-02-00-10,9
01-02-00-11,10
01-02-00-12,14
01-02-00-13,8
01-02-00-14,9
01-02-00-15,11
01-02-00-16,10
01-02-00-17,10
01-02-00-18,11
01-02-00-19,10
01-02-00-20,9
01-02-00-21,11
01-02-00-22,9
01-02-00-23,9
01-02-00-24,9
01-02-00-25,11
01-02-00-26,12
01-02-00-27,11
01-02-00-28,11
01-02-00-29,9
01-02-00-30,9
01-02-00-31,11
01-02-00-32,10
01-02-00-33,10
01-02-00-34,10
01-02-00-35,9
01-02-00-36,9
01-02-00-37,10
01-02-00-38,8
01-02-00-39,10
01-02-00-40,10
01-02-00-41,9
01-02-00-42,10
01-02-00-43,10
01-02-00-44,8
01-02-00-45,12
01-02-00-46,9
01-02-00-47,10
01-02-00-48,9
01-02-00-49,9
01-02-00-50,10
01-02-00-51,9
01-02-00-52,8
01-02-00-53,9
01-02-00-54,10
01-02-00-55,11
01-02-00-56,7
01-02-00-57,10
01-02-00-58,11
01-02-00-59,7
01-02-01-00,9
01-02-01-01,10
01-02-01-02,7
01-02-01-03,8
01-02-01-04,11
01-02-01-05,10
01-02-01-06,10
01-02-01-07,10
01-02-01-08,8
01-02-01-09,8
01-02-01-10,10
01-02-01-11,11
01-02-01-12,8
01-02-01-13,9
01-02-01-14,10
01-02-01-15,11
01-02-01-16,10
01-02-01-17,7
01-02-01-18,10
01-02-01-19,13
01-02-01-20,9
01-02-01-21,11
01-02-01-22,10
01-02-01-23,9
01-02-01-24,11
01-02-01-25,10
01-02-01-26,10
01-02-01-27,6
01-02-01-28,8
01-02-01-29,10
01-02-01-30,8
01-02-01-31,9
01-02-01-32,11
01-02-01-33,11
01-02-01-34,10
01-02-01-35,9
01-02-01-36,11
01-02-01-37,9
01-02-01-38,13
01-02-01-39,10
01-02-01-40,11
01-02-01-41,10
01-02-01-42,10
01-02-01-43,11
01-02-01-44,7
01-02-01-45,9
01-02-01-46,10
01-02-01-47,11
01-02-01-48,11
01-02-01-49,8
01-02-01-50,9
01-02-01-51,12
01-02-01-52,8
01-02-01-53,10
01-02-01-54,7
01-02-01-55,10
01-02-01-56,8
01-02-01-57,8
01-02-01-58,10
01-02-01-59,5
01-02-02-00,10
01-02-02-01,10
01-02-02-02,8
01-02-02-03,13
01-02-02-04,12
01-02-02-05,10
01-02-02-06,10
01-02-02-07,9
01-02-02-08,11
01-02-02-09,11
01-02-02-10,9
01-02-02-11,14
01-02-02-12,8
01-02-02-13,11
01-02-02-14,9
01-02-02-15,9
01-02-02-16,7
01-02-02-17,9
01-02-02-18,10
01-02-02-19,10
01-02-02-20,14
01-02-02-21,10
01-02-02-22,9
01-02-02-23,11
01-02-02-24,10
01-02-02-25,9
01-02-02-26,9
01-02-02-27,11
01-02-02-28,9
01-02-02-29,9
01-02-02-30,11
01-02-02-31,8
01-02-02-32,10
01-02-02-33,9
01-02-02-34,11
01-02-02-35,9
01-02-02-36,8
01-02-02-37,9
01-02-02-38,8
01-02-02-39,10
01-02-02-40,8
01-02-02-41,12
01-02-02-42,12
01-02-02-43,9
01-02-02-44,8
01-02-02-45,6
01-02-02-46,8
01-02-02-47,12
01-02-02-48,8
01-02-02-49,9
01-02-02-50,8
01-02-02-51,7
01-02-02-52,11
01-02-02-53,10
01-02-02-54,11
01-02-02-55,12
01-02-02-56,11
01-02-02-57,11
01-02-02-58,7
01-02-02-59,8
01-02-03-00,8
01-02-03-01,11
01-02-03-02,12
01-02-03-03,9
01-02-03-04,10
01-02-03-05,10
01-02-03-06,8
01-02-03-07,8
01-02-03-08,11
01-02-03-09,14
01-02-03-10,7
01-02-03-11,10
01-02-03-12,8
01-02-03-13,11
01-02-03-14,9
01-02-03-15,9
01-02-03-16,11
01-02-03-17,9
01-02-03-18,10
01-02-03-19,9
01-02-03-20,9
01-02-03-21,9
01-02-03-22,9
01-02-03-23,8
01-02-03-24,10
01-02-03-25,10
01-02-03-26,9
01-02-03-27,9
01-02-03-28,9
01-02-03-29,11
01-02-03-30,13
01-02-03-31,10
01-02-03-32,9
01-02-03-33,9
01-02-03-34,10
01-02-03-35,8
01-02-03-36,10
01-02-03-37,9
01-02-03-38,9
01-02-03-39,9
01-02-03-40,10
01-02-03-41,9
01-02-03-42,11
01-02-03-43,11
01-02-03-44,7
01-02-03-45,9
01-02-03-46,10
01-02-03-47,9
01-02-03-48,10
01-02-03-49,10
01-02-03-50,10
01-02-03-51,11
01-02-03-52,12
01-02-03-53,10
01-02-03-54,8
01-02-03-55,7
01-02-03-56,8
01-02-03-57,9
01-02-03-58,13
01-02-03-59,10
01-02-04-00,10
01-02-04-01,10
01-02-04-02,9
01-02-04-03,12
01-02-04-04,10
01-02-04-05,11
01-02-04-06,8
01-02-04-07,8
01-02-04-08,10
01-02-04-09,12
01-02-04-10,11
01-02-04-11,8
01-02-04-12,6
01-02-04-13,14
01-02-04-14,12
01-02-04-15,10
01-02-04-16,9
01-02-04-17,6
01-02-04-18,8
01-02-04-19,9
01-02-04-20,10
01-02-04-21,12
01-02-04-22,12
01-02-04-23,10
01-02-04-24,10
01-02-04-25,11
01-02-04-26,8
01-02-04-27,8
01-02-04-28,12
01-02-04-29,10
01-02-04-30,10
01-02-04-31,9
01-02-04-32,10
01-02-04-33,10
01-02-04-34,10
01-02-04-35,10
01-02-04-36,8
01-02-04-37,10
01-02-04-38,10
01-02-04-39,11
01-02-04-40,10
01-02-04-41,10
01-02-04-42,10
01-02-04-43,11
01-02-04-44,9
01-02-04-45,9
01-02-04-46,11
01-02-04-47,7
01-02-04-48,9
01-02-04-49,11
01-02-04-50,8
01-02-04-51,8
01-02-04-52,11
01-02-04-53,7
01-02-04-54,10
01-02-04-55,9
01-02-04-56,10
01-02-04-57,10
01-02-04-58,11
01-02-04-59,12
01-02-05-00,8
01-02-05-01,8
01-02-05-02,9
01-02-05-03,11
01-02-05-04,11
01-02-05-05,9
01-02-05-06,8
01-02-05-07,9
01-02-05-08,13
01-02-05-09,11
01-02-05-10,8
01-02-05-11,9
01-02-05-12,9
01-02-05-13,8
01-02-05-14,8
01-02-05-15,6
01-02-05-16,11
01-02-05-17,9
01-02-05-18,8
01-02-05-19,12
01-02-05-20,7
01-02-05-21,9
01-02-05-22,11
01-02-05-23,10
01-02-05-24,10
01-02-05-25,9
01-02-05-26,13
01-02-05-27,9
01-02-05-28,8
01-02-05-29,10
01-02-05-30,9
01-02-05-31,8
01-02-05-32,9
01-02-05-33,10
01-02-05-34,8
01-02-05-35,9
01-02-05-36,9
01-02-05-37,10
01-02-05-38,9
01-02-05-39,11
01-02-05-40,8
01-02-05-41,9
01-02-05-42,7
01-02-05-43,8
01-02-05-44,9
01-02-05-45,10
01-02-05-46,7
01-02-05-47,9
01-02-05-48,11
01-02-05-49,8
01-02-05-50,10
01-02-05-51,10
01-02-05-52,8
01-02-05-53,8
01-02-05-54,8
01-02-05-55,10
01-02-05-56,11
01-02-05-57,7
01-02-05-58,10
01-02-05-59,9
01-02-06-00,10
01-02-06-01,10
01-02-06-02,10
01-02-06-03,10
01-02-06-04,8
01-02-06-05,7
01-02-06-06,10
01-02-06-07,9
01-02-06-08,11
01-02-06-09,10
01-02-06-10,10
01-02-06-11,10
01-02-06-12,10
01-02-06-13,8
01-02-06-14,10
01-02-06-15,9
01-02-06-16,12
01-02-06-17,9
01-02-06-18,11
01-02-06-19,11
01-02-06-20,9
01-02-06-21,9
01-02-06-22,7
01-02-06-23,8
01-02-06-24,10
01-02-06-25,7
01-02-06-26,13
01-02-06-27,11
01-02-06-28,9
01-02-06-29,7
01-02-06-30,6
01-02-06-31,8
01-02-06-32,12
01-02-06-33,11
01-02-06-34,12
01-02-06-35,9
01-02-06-36,6
01-02-06-37,8
01-02-06-38,9
01-02-06-39,9
01-02-06-40,8
01-02-06-41,8
01-02-06-42,8
01-02-06-43,10
01-02-06-44,10
01-02-06-45,9
01-02-06-46,13
01-02-06-47,11
01-02-06-48,10
01-02-06-49,10
01-02-06-50,11
01-02-06-51,8
01-02-06-52,10
01-02-06-53,9
01-02-06-54,10
01-02-06-55,9
01-02-06-56,6
01-02-06-57,10
01-02-06-58,11
01-02-06-59,9
01-02-07-00,8
01-02-07-01,8
01-02-07-02,7
01-02-07-03,10
01-02-07-04,9
01-02-07-05,10
01-02-07-06,10
01-02-07-07,11
01-02-07-08,9
01-02-07-09,11
01-02-07-10,9
01-02-07-11,11
01-02-07-12,8
01-02-07-13,10
01-02-07-14,9
01-02-07-15,10
01-02-07-16,13
01-02-07-17,13
01-02-07-18,11
01-02-07-19,10
01-02-07-20,11
01-02-07-21,12
01-02-07-22,10
01-02-07-23,9
01-02-07-24,9
01-02-07-25,8
01-02-07-26,8
01-02-07-27,8
01-02-07-28,9
01-02-07-29,10
01-02-07-30,10
01-02-07-31,10
01-02-07-32,11
01-02-07-33,7
01-02-07-34,11
01-02-07-35,12
01-02-07-36,10
01-02-07-37,8
01-02-07-38,9
01-02-07-39,10
01-02-07-40,9
01-02-07-41,9
01-02-07-42,8
01-02-07-43,12
01-02-07-44,8
01-02-07-45,8
01-02-07-46,10
01-02-07-47,12
01-02-07-48,11
01-02-07-49,6
01-02-07-50,9
01-02-07-51,10
01-02-07-52,11
01-02-07-53,12
01-02-07-54,10
01-02-07-55,10
01-02-07-56,11
01-02-07-57,11
01-02-07-58,8
01-02-07-59,11
01-02-08-00,10
01-02-08-01,10
01-02-08-02,12
01-02-08-03,9
01-02-08-04,9
01-02-08-05,10
01-02-08-06,12
01-02-08-07,9
01-02-08-08,9
01-02-08-09,13
01-02-08-10,9
01-02-08-11,10
01-02-08-12,10
01-02-08-13,10
01-02-08-14,9
01-02-08-15,9
01-02-08-16,11
01-02-08-17,8
01-02-08-18,9
01-02-08-19,10
01-02-08-20,10
01-02-08-21,10
01-02-08-22,10
01-02-08-23,12
01-02-08-24,10
01-02-08-25,10
01-02-08-26,13
01-02-08-27,10
01-02-08-28,10
01-02-08-29,9
01-02-08-30,11
01-02-08-31,8
01-02-08-32,10
01-02-08-33,11
01-02-08-34,8
01-02-08-35,6
01-02-08-36,11
01-02-08-37,14
01-02-08-38,9
01-02-08-39,8
01-02-08-40,10
01-02-08-41,13
01-02-08-42,9
01-02-08-43,8
01-02-08-44,7
01-02-08-45,9
01-02-08-46,11
01-02-08-47,11
01-02-08-48,12
01-02-08-49,11
01-02-08-50,13
01-02-08-51,9
01-02-08-52,10
01-02-08-53,11
01-02-08-54,11
01-02-08-55,9
01-02-08-56,12
01-02-08-57,8
01-02-08-58,8
01-02-08-59,12
01-02-09-00,13
01-02-09-01,8
01-02-09-02,9
01-02-09-03,10
01-02-09-04,8
01-02-09-05,11
01-02-09-06,10
01-02-09-07,10
01-02-09-08,10
01-02-09-09,6
01-02-09-10,9
01-02-09-11,9
01-02-09-12,8
01-02-09-13,12
01-02-09-14,12
01-02-09-15,11
01-02-09-16,8
01-02-09-17,8
01-02-09-18,11
01-02-09-19,12
01-02-09-20,9
01-02-09-21,10
01-02-09-22,8
01-02-09-23,9
01-02-09-24,9
01-02-09-25,13
01-02-09-26,10
01-02-09-27,9
01-02-09-28,10
01-02-09-29,8
01-02-09-30,9
01-02-09-31,10
01-02-09-32,11
01-02-09-33,10
01-02-09-34,9
01-02-09-35,8
01-02-09-36,9
01-02-09-37,9
01-02-09-38,9
01-02-09-39,9
01-02-09-40,11
01-02-09-41,8
01-02-09-42,9
01-02-09-43,8
01-02-09-44,9
01-02-09-45,10
01-02-09-46,11
01-02-09-47,11
01-02-09-48,9
01-02-09-49,8
01-02-09-50,9
01-02-09-51,9
01-02-09-52,12
01-02-09-53,10
01-02-09-54,11
01-02-09-55,12
01-02-09-56,11
01-02-09-57,10
01-02-09-58,10
01-02-09-59,9
01-02-10-00,8
01-02-10-01,8
01-02-10-02,9
01-02-10-03,8
01-02-10-04,12
01-02-10-05,9
01-02-10-06,9
01-02-10-07,10
01-02-10-08,10
01-02-10-09,8
01-02-10-10,10
01-02-10-11,10
01-02-10-12,9
01-02-10-13,9
01-02-10-14,9
01-02-10-15,7
01-02-10-16,10
01-02-10-17,10
01-02-10-18,8
01-02-10-19,9
01-02-10-20,9
01-02-10-21,10
01-02-10-22,9
01-02-10-23,8
01-02-10-24,9
01-02-10-25,7
01-02-10-26,12
01-02-10-27,11
01-02-10-28,9
01-02-10-29,10
01-02-10-30,10
01-02-10-31,8
01-02-10-32,9
01-02-10-33,10
01-02-10-34,9
01-02-10-35,10
01-02-10-36,11
01-02-10-37,11
01-02-10-38,10
01-02-10-39,9
01-02-10-40,7
01-02-10-41,7
01-02-10-42,9
01-02-10-43,9
01-02-10-44,7
01-02-10-45,8
01-02-10-46,10
01-02-10-47,9
01-02-10-48,10
01-02-10-49,14
01-02-10-50,9
01-02-10-51,9
01-02-10-52,9
01-02-10-53,11
01-02-10-54,11
01-02-10-55,8
01-02-10-56,10
01-02-10-57,7
01-02-10-58,8
01-02-10-59,9
01-02-11-00,7
01-02-11-01,10
01-02-11-02,8
01-02-11-03,10
01-02-11-04,10
01-02-11-05,10
01-02-11-06,8
01-02-11-07,12
01-02-11-08,8
01-02-11-09,9
01-02-11-10,8
01-02-11-11,11
01-02-11-12,6
01-02-11-13,10
01-02-11-14,8
01-02-11-15,9
01-02-11-16,9
01-02-11-17,11
01-02-11-18,8
01-02-11-19,9
01-02-11-20,8
01-02-11-21,11
01-02-11-22,11
01-02-11-23,9
01-02-11-24,11
01-02-11-25,11
01-02-11-26,11
01-02-11-27,9
01-02-11-28,12
01-02-11-29,8
01-02-11-30,11
01-02-11-31,8
01-02-11-32,10
01-02-11-33,9
01-02-11-34,7
01-02-11-35,8
01-02-11-36,12
01-02-11-37,8
01-02-11-38,12
01-02-11-39,9
01-02-11-40,9
01-02-11-41,12
01-02-11-42,9
01-02-11-43,9
01-02-11-44,11
01-02-11-45,8
01-02-11-46,10
01-02-11-47,8
01-02-11-48,8
01-02-11-49,10
01-02-11-50,8
01-02-11-51,10
01-02-11-52,10
01-02-11-53,11
01-02-11-54,10
01-02-11-55,8
01-02-11-56,8
01-02-11-57,9
01-02-11-58,8
01-02-11-59,12
01-02-12-00,11
01-02-12-01,9
01-02-12-02,10
01-02-12-03,10
01-02-12-04,10
01-02-12-05,9
01-02-12-06,11
01-02-12-07,10
01-02-12-08,9
01-02-12-09,9
01-02-12-10,10
01-02-12-11,8
01-02-12-12,8
01-02-12-13,11
01-02-12-14,8
01-02-12-15,10
01-02-12-16,10
01-02-12-17,9
01-02-12-18,11
01-02-12-19,9
01-02-12-20,7
01-02-12-21,10
01-02-12-22,11
01-02-12-23,10
01-02-12-24,9
01-02-12-25,8
01-02-12-26,10
01-02-12-27,12
01-02-12-28,10
01-02-12-29,9
01-02-12-30,10
01-02-12-31,11
01-02-12-32,11
01-02-12-33,10
01-02-12-34,9
01-02-12-35,9
01-02-12-36,9
01-02-12-37,9
01-02-12-38,7
01-02-12-39,10
01-02-12-40,10
01-02-12-41,10
01-02-12-42,10
01-02-12-43,9
01-02-12-44,11
01-02-12-45,8
01-02-12-46,10
01-02-12-47,9
01-02-12-48,11
01-02-12-49,8
01-02-12-50,7
01-02-12-51,8
01-02-12-52,9
01-02-12-53,10
01-02-12-54,11
01-02-12-55,10
01-02-12-56,7
01-02-12-57,10
01-02-12-58,8
01-02-12-59,9
01-02-13-00,9
01-02-13-01,9
01-02-13-02,12
01-02-13-03,10
01-02-13-04,10
01-02-13-05,9
01-02-13-06,9
01-02-13-07,10
01-02-13-08,9
01-02-13-09,11
01-02-13-10,8
01-02-13-11,11
01-02-13-12,10
01-02-13-13,9
01-02-13-14,10
01-02-13-15,13
01-02-13-16,7
01-02-13-17,10
01-02-13-18,11
01-02-13-19,9
01-02-13-20,12
01-02-13-21,10
01-02-13-22,8
01-02-13-23,10
01-02-13-24,9
01-02-13-25,9
01-02-13-26,8
01-02-13-27,12
01-02-13-28,8
01-02-13-29,9
01-02-13-30,9
01-02-13-31,9
01-02-13-32,8
01-02-13-33,11
01-02-13-34,10
01-02-13-35,12
01-02-13-36,10
01-02-13-37,9
01-02-13-38,10
01-02-13-39,9
01-02-13-40,7
01-02-13-41,9
01-02-13-42,9
01-02-13-43,11
01-02-13-44,8
01-02-13-45,8
01-02-13-46,11
01-02-13-47,12
01-02-13-48,7
01-02-13-49,12
01-02-13-50,8
01-02-13-51,12
01-02-13-52,10
01-02-13-53,9
01-02-13-54,7
01-02-13-55,11
01-02-13-56,10
01-02-13-57,12
01-02-13-58,11
01-02-13-59,11
01-02-14-00,10
01-02-14-01,10
01-02-14-02,11
01-02-14-03,10
01-02-14-04,9
01-02-14-05,13
01-02-14-06,9
01-02-14-07,9
01-02-14-08,8
01-02-14-09,13
01-02-14-10,9
01-02-14-11,7
01-02-14-12,10
01-02-14-13,10
01-02-14-14,13
01-02-14-15,7
01-02-14-16,8
01-02-14-17,6
01-02-14-18,12
01-02-14-19,8
01-02-14-20,9
01-02-14-21,10
01-02-14-22,9
01-02-14-23,11
01-02-14-24,10
01-02-14-25,10
01-02-14-26,10
01-02-14-27,9
01-02-14-28,11
01-02-14-29,9
01-02-14-30,11
01-02-14-31,9
01-02-14-32,11
01-02-14-33,12
01-02-14-34,8
01-02-14-35,9
01-02-14-36,11
01-02-14-37,11
01-02-14-38,11
01-02-14-39,7
01-02-14-40,9
01-02-14-41,11
01-02-14-42,8
01-02-14-43,10
01-02-14-44,11
01-02-14-45,9
01-02-14-46,10
01-02-14-47,8
01-02-14-48,10
01-02-14-49,10
01-02-14-50,10
01-02-14-51,10
01-02-14-52,11
01-02-14-53,10
01-02-14-54,9
01-02-14-55,9
01-02-14-56,9
01-02-14-57,9
01-02-14-58,10
01-02-14-59,10
01-02-15-00,11
01-02-15-01,11
01-02-15-02,8
01-02-15-03,7
01-02-15-04,9
01-02-15-05,11
01-02-15-06,9
01-02-15-07,9
01-02-15-08,8
01-02-15-09,9
01-02-15-10,11
01-02-15-11,10
01-02-15-12,8
01-02-15-13,10
01-02-15-14,9
01-02-15-15,11
01-02-15-16,9
01-02-15-17,10
01-02-15-18,10
01-02-15-19,11
01-02-15-20,10
01-02-15-21,10
01-02-15-22,13
01-02-15-23,8
01-02-15-24,10
01-02-15-25,11
01-02-15-26,10
01-02-15-27,10
01-02-15-28,11
01-02-15-29,10
01-02-15-30,9
01-02-15-31,11
01-02-15-32,7
01-02-15-33,9
01-02-15-34,8
01-02-15-35,11
01-02-15-36,14
01-02-15-37,8
01-02-15-38,12
01-02-15-39,11
01-02-15-40,8
01-02-15-41,10
01-02-15-42,8
01-02-15-43,11
01-02-15-44,10
01-02-15-45,9
01-02-15-46,12
01-02-15-47,7
01-02-15-48,10
01-02-15-49,7
01-02-15-50,7
01-02-15-51,13
01-02-15-52,10
01-02-15-53,10
01-02-15-54,9
01-02-15-55,13
01-02-15-56,8
01-02-15-57,12
01-02-15-58,8
01-02-15-59,9
01-02-16-00,9
01-02-16-01,10
01-02-16-02,10
01-02-16-03,10
01-02-16-04,9
01-02-16-05,12
01-02-16-06,9
01-02-16-07,10
01-02-16-08,10
01-02-16-09,9
01-02-16-10,14
01-02-16-11,10
01-02-16-12,7
01-02-16-13,8
01-02-16-14,10
01-02-16-15,10
01-02-16-16,12
01-02-16-17,11
01-02-16-18,9
01-02-16-19,10
01-02-16-20,9
01-02-16-21,9
01-02-16-22,10
01-02-16-23,10
01-02-16-24,9
01-02-16-25,12
01-02-16-26,9
01-02-16-27,10
01-02-16-28,10
01-02-16-29,8
01-02-16-30,9
01-02-16-31,10
01-02-16-32,10
01-02-16-33,8
01-02-16-34,11
01-02-16-35,11
01-02-16-36,9
01-02-16-37,10
01-02-16-38,11
01-02-16-39,9
01-02-16-40,7
01-02-16-41,10
01-02-16-42,10
01-02-16-43,11
01-02-16-44,10
01-02-16-45,10
01-02-16-46,10
01-02-16-47,13
01-02-16-48,9
01-02-16-49,9
01-02-16-50,10
01-02-16-51,10
01-02-16-52,10
01-02-16-53,9
01-02-16-54,9
01-02-16-55,8
01-02-16-56,11
01-02-16-57,11
01-02-16-58,11
01-02-16-59,9
01-02-17-00,10
01-02-17-01,9
01-02-17-02,9
01-02-17-03,9
01-02-17-04,11
01-02-17-05,9
01-02-17-06,8
01-02-17-07,10
01-02-17-08,8
01-02-17-09,8
01-02-17-10,9
01-02-17-11,11
01-02-17-12,9
01-02-17-13,10
01-02-17-14,9
01-02-17-15,11
01-02-17-16,11
01-02-17-17,7
01-02-17-18,8
01-02-17-19,11
01-02-17-20,7
01-02-17-21,10
01-02-17-22,9
01-02-17-23,10
01-02-17-24,9
01-02-17-25,11
01-02-17-26,9
01-02-17-27,10
01-02-17-28,11
01-02-17-29,9
01-02-17-30,11
01-02-17-31,8
01-02-17-32,9
01-02-17-33,10
01-02-17-34,11
01-02-17-35,9
01-02-17-36,9
01-02-17-37,10
01-02-17-38,9
01-02-17-39,8
01-02-17-40,11
01-02-17-41,9
01-02-17-42,11
01-02-17-43,9
01-02-17-44,6
01-02-17-45,10
01-02-17-46,10
01-02-17-47,9
01-02-17-48,7
01-02-17-49,8
01-02-17-50,9
01-02-17-51,9
01-02-17-52,11
01-02-17-53,9
01-02-17-54,8
01-02-17-55,10
01-02-17-56,8
01-02-17-57,9
01-02-17-58,9
01-02-17-59,8
01-02-18-00,11
01-02-18-01,11
01-02-18-02,9
01-02-18-03,7
01-02-18-04,11
01-02-18-05,8
01-02-18-06,9
01-02-18-07,10
01-02-18-08,8
01-02-18-09,9
01-02-18-10,10
01-02-18-11,10
01-02-18-12,8
01-02-18-13,10
01-02-18-14,9
01-02-18-15,9
01-02-18-16,10
01-02-18-17,10
01-02-18-18,8
01-02-18-19,8
01-02-18-20,9
01-02-18-21,11
01-02-18-22,8
01-02-18-23,9
01-02-18-24,10
01-02-18-25,12
01-02-18-26,8
01-02-18-27,7
01-02-18-28,9
01-02-18-29,11
01-02-18-30,9
01-02-18-31,7
01-02-18-32,8
01-02-18-33,11
01-02-18-34,11
01-02-18-35,12
01-02-18-36,11
01-02-18-37,11
01-02-18-38,11
01-02-18-39,10
01-02-18-40,8
01-02-18-41,11
01-02-18-42,12
01-02-18-43,9
01-02-18-44,12
01-02-18-45,11
01-02-18-46,9
01-02-18-47,10
01-02-18-48,10
01-02-18-49,10
01-02-18-50,8
01-02-18-51,9
01-02-18-52,10
01-02-18-53,12
01-02-18-54,10
01-02-18-55,9
01-02-18-56,6
01-02-18-57,8
01-02-18-58,9
01-02-18-59,9
01-02-19-00,9
01-02-19-01,11
01-02-19-02,8
01-02-19-03,12
01-02-19-04,10
01-02-19-05,12
01-02-19-06,8
01-02-19-07,8
01-02-19-08,8
01-02-19-09,10
01-02-19-10,9
01-02-19-11,9
01-02-19-12,8
01-02-19-13,12
01-02-19-14,10
01-02-19-15,10
01-02-19-16,12
01-02-19-17,10
01-02-19-18,8
01-02-19-19,12
01-02-19-20,11
01-02-19-21,7
01-02-19-22,11
01-02-19-23,10
01-02-19-24,11
01-02-19-25,8
01-02-19-26,9
01-02-19-27,11
01-02-19-28,12
01-02-19-29,12
01-02-19-30,8
01-02-19-31,10
01-02-19-32,9
01-02-19-33,8
01-02-19-34,11
01-02-19-35,9
01-02-19-36,11
01-02-19-37,9
01-02-19-38,9
01-02-19-39,9
01-02-19-40,9
01-02-19-41,11
01-02-19-42,10
01-02-19-43,11
01-02-19-44,8
01-02-19-45,10
01-02-19-46,11
01-02-19-47,11
01-02-19-48,9
01-02-19-49,9
01-02-19-50,12
01-02-19-51,9
01-02-19-52,9
01-02-19-53,10
01-02-19-54,9
01-02-19-55,11
01-02-19-56,7
01-02-19-57,9
01-02-19-58,8
01-02-19-59,9
01-02-20-00,9
01-02-20-01,10
01-02-20-02,9
01-02-20-03,8
01-02-20-04,12
01-02-20-05,10
01-02-20-06,8
01-02-20-07,7
01-02-20-08,8
01-02-20-09,9
01-02-20-10,9
01-02-20-11,11
01-02-20-12,9
01-02-20-13,10
01-02-20-14,12
01-02-20-15,9
01-02-20-16,10
01-02-20-17,10
01-02-20-18,9
01-02-20-19,9
01-02-20-20,12
01-02-20-21,9
01-02-20-22,8
01-02-20-23,9
01-02-20-24,11
01-02-20-25,8
01-02-20-26,10
01-02-20-27,9
01-02-20-28,9
01-02-20-29,8
01-02-20-30,10
01-02-20-31,9
01-02-20-32,10
01-02-20-33,9
01-02-20-34,9
01-02-20-35,10
01-02-20-36,9
01-02-20-37,12
01-02-20-38,9
01-02-20-39,10
01-02-20-40,9
01-02-20-41,10
01-02-20-42,12
01-02-20-43,8
01-02-20-44,9
01-02-20-45,8
01-02-20-46,11
01-02-20-47,9
01-02-20-48,10
01-02-20-49,5
01-02-20-50,8
01-02-20-51,12
01-02-20-52,8
01-02-20-53,10
01-02-20-54,8
01-02-20-55,10
01-02-20-56,8
01-02-20-57,10
01-02-20-58,7
01-02-20-59,14
01-02-21-00,12
01-02-21-01,11
01-02-21-02,11
01-02-21-03,8
01-02-21-04,9
01-02-21-05,8
01-02-21-06,9
01-02-21-07,10
01-02-21-08,11
01-02-21-09,10
01-02-21-10,9
01-02-21-11,9
01-02-21-12,10
01-02-21-13,13
01-02-21-14,11
01-02-21-15,8
01-02-21-16,10
01-02-21-17,10
01-02-21-18,10
01-02-21-19,9
01-02-21-20,11
01-02-21-21,11
01-02-21-22,8
01-02-21-23,10
01-02-21-24,11
01-02-21-25,11
01-02-21-26,8
01-02-21-27,9
01-02-21-28,7
01-02-21-29,10
01-02-21-30,10
01-02-21-31,11
01-02-21-32,10
01-02-21-33,11
01-02-21-34,9
01-02-21-35,9
01-02-21-36,12
01-02-21-37,10
01-02-21-38,13
01-02-21-39,9
01-02-21-40,8
01-02-21-41,9
01-02-21-42,10
01-02-21-43,11
01-02-21-44,11
01-02-21-45,8
01-02-21-46,9
01-02-21-47,10
01-02-21-48,7
01-02-21-49,11
01-02-21-50,9
01-02-21-51,12
01-02-21-52,10
01-02-21-53,10
01-02-21-54,10
01-02-21-55,8
01-02-21-56,10
01-02-21-57,9
01-02-21-58,8
01-02-21-59,10
01-02-22-00,11
01-02-22-01,9
01-02-22-02,9
01-02-22-03,8
01-02-22-04,11
01-02-22-05,10
01-02-22-06,8
01-02-22-07,11
01-02-22-08,11
01-02-22-09,9
01-02-22-10,10
01-02-22-11,9
01-02-22-12,14
01-02-22-13,11
01-02-22-14,8
01-02-22-15,10
01-02-22-16,11
01-02-22-17,11
01-02-22-18,12
01-02-22-19,8
01-02-22-20,9
01-02-22-21,11
01-02-22-22,9
01-02-22-23,8
01-02-22-24,11
01-02-22-25,7
01-02-22-26,9
01-02-22-27,11
01-02-22-28,10
01-02-22-29,10
01-02-22-30,9
01-02-22-31,9
01-02-22-32,10
01-02-22-33,9
01-02-22-34,12
01-02-22-35,7
01-02-22-36,11
01-02-22-37,9
01-02-22-38,10
01-02-22-39,8
01-02-22-40,9
01-02-22-41,8
01-02-22-42,11
01-02-22-43,11
01-02-22-44,7
01-02-22-45,9
01-02-22-46,9
01-02-22-47,11
01-02-22-48,10
01-02-22-49,10
01-02-22-50,9
01-02-22-51,9
01-02-22-52,8
01-02-22-53,11
01-02-22-54,8
01-02-22-55,9
01-02-22-56,10
01-02-22-57,10
01-02-22-58,8
01-02-22-59,9
01-02-23-00,10
01-02-23-01,8
01-02-23-02,10
01-02-23-03,12
01-02-23-04,10
01-02-23-05,10
01-02-23-06,10
01-02-23-07,9
01-02-23-08,12
01-02-23-09,10
01-02-23-10,10
01-02-23-11,10
01-02-23-12,9
01-02-23-13,8
01-02-23-14,10
01-02-23-15,9
01-02-23-16,11
01-02-23-17,12
01-02-23-18,7
01-02-23-19,9
01-02-23-20,11
01-02-23-21,10
01-02-23-22,8
01-02-23-23,8
01-02-23-24,8
01-02-23-25,10
01-02-23-26,12
01-02-23-27,11
01-02-23-28,7
01-02-23-29,9
01-02-23-30,8
01-02-23-31,8
01-02-23-32,10
01-02-23-33,7
01-02-23-34,9
01-02-23-35,9
01-02-23-36,8
01-02-23-37,11
01-02-23-38,10
01-02-23-39,9
01-02-23-40,7
01-02-23-41,9
01-02-23-42,10
01-02-23-43,10
01-02-23-44,10
01-02-23-45,11
01-02-23-46,12
01-02-23-47,11
01-02-23-48,6
01-02-23-49,8
01-02-23-50,9
01-02-23-51,10
01-02-23-52,7
01-02-23-53,8
01-02-23-54,9
01-02-23-55,12
01-02-23-56,8
01-02-23-57,10
01-02-23-58,11
01-02-23-59,9
01-03-00-00,9
01-03-00-01,12
01-03-00-02,10
01-03-00-03,11
01-03-00-04,13
01-03-00-05,13
01-03-00-06,11
01-03-00-07,11
01-03-00-08,9
01-03-00-09,9
01-03-00-10,12
01-03-00-11,10
01-03-00-12,11
01-03-00-13,9
01-03-00-14,10
01-03-00-15,12
01-03-00-16,7
01-03-00-17,11
01-03-00-18,8
01-03-00-19,9
01-03-00-20,9
01-03-00-21,12
01-03-00-22,7
01-03-00-23,10
01-03-00-24,8
01-03-00-25,8
01-03-00-26,10
01-03-00-27,7
01-03-00-28,8
01-03-00-29,8
01-03-00-30,10
01-03-00-31,10
01-03-00-32,9
01-03-00-33,8
01-03-00-34,10
01-03-00-35,8
01-03-00-36,10
01-03-00-37,8
01-03-00-38,9
01-03-00-39,10
01-03-00-40,11
01-03-00-41,8
01-03-00-42,8
01-03-00-43,11
01-03-00-44,10
01-03-00-45,11
01-03-00-46,9
01-03-00-47,10
01-03-00-48,10
01-03-00-49,10
01-03-00-50,9
01-03-00-51,7
01-03-00-52,12
01-03-00-53,11
01-03-00-54,13
01-03-00-55,8
01-03-00-56,7
01-03-00-57,7
01-03-00-58,8
01-03-00-59,11
01-03-01-00,9
01-03-01-01,11
01-03-01-02,9
01-03-01-03,9
01-03-01-04,8
01-03-01-05,8
01-03-01-06,10
01-03-01-07,10
01-03-01-08,11
01-03-01-09,9
01-03-01-10,7
01-03-01-11,11
01-03-01-12,9
01-03-01-13,10
01-03-01-14,9
01-03-01-15,9
01-03-01-16,12
01-03-01-17,7
01-03-01-18,9
01-03-01-19,9
01-03-01-20,8
01-03-01-21,10
01-03-01-22,10
01-03-01-23,7
01-03-01-24,13
01-03-01-25,9
01-03-01-26,8
01-03-01-27,10
01-03-01-28,10
01-03-01-29,9
01-03-01-30,9
01-03-01-31,11
01-03-01-32,11
01-03-01-33,9
01-03-01-34,9
01-03-01-35,9
01-03-01-36,9
01-03-01-37,11
01-03-01-38,9
01-03-01-39,7
01-03-01-40,9
01-03-01-41,8
01-03-01-42,10
01-03-01-43,11
01-03-01-44,8
01-03-01-45,10
01-03-01-46,8
01-03-01-47,7
01-03-01-48,8
01-03-01-49,12
01-03-01-50,7
01-03-01-51,9
01-03-01-52,9
01-03-01-53,10
01-03-01-54,10
01-03-01-55,8
01-03-01-56,10
01-03-01-57,9
01-03-01-58,9
01-03-01-59,11
01-03-02-00,12
01-03-02-01,10
01-03-02-02,10
01-03-02-03,8
01-03-02-04,9
01-03-02-05,11
01-03-02-06,9
01-03-02-07,7
01-03-02-08,10
01-03-02-09,11
01-03-02-10,11
01-03-02-11,11
01-03-02-12,11
01-03-02-13,10
01-03-02-14,12
01-03-02-15,10
01-03-02-16,10
01-03-02-17,8
01-03-02-18,10
01-03-02-19,9
01-03-02-20,9
01-03-02-21,12
01-03-02-22,10
01-03-02-23,9
01-03-02-24,8
01-03-02-25,8
01-03-02-26,10
01-03-02-27,10
01-03-02-28,10
01-03-02-29,8
01-03-02-30,10
01-03-02-31,9
01-03-02-32,9
01-03-02-33,8
01-03-02-34,11
01-03-02-35,12
01-03-02-36,9
01-03-02-37,8
01-03-02-38,9
01-03-02-39,11
01-03-02-40,11
01-03-02-41,10
01-03-02-42,10
01-03-02-43,11
01-03-02-44,10
01-03-02-45,9
01-03-02-46,8
01-03-02-47,12
01-03-02-48,10
01-03-02-49,9
01-03-02-50,7
01-03-02-51,10
01-03-02-52,9
01-03-02-53,9
01-03-02-54,10
01-03-02-55,11
01-03-02-56,8
01-03-02-57,9
01-03-02-58,11
01-03-02-59,8
01-03-03-00,10
01-03-03-01,8
01-03-03-02,10
01-03-03-03,12
01-03-03-04,8
01-03-03-05,8
01-03-03-06,9
01-03-03-07,8
01-03-03-08,11
01-03-03-09,9
01-03-03-10,12
01-03-03-11,10
01-03-03-12,10
01-03-03-13,11
01-03-03-14,9
01-03-03-15,11
01-03-03-16,10
01-03-03-17,8
01-03-03-18,12
01-03-03-19,12
01-03-03-20,7
01-03-03-21,10
01-03-03-22,12
01-03-03-23,13
01-03-03-24,12
01-03-03-25,9
01-03-03-26,10
01-03-03-27,11
01-03-03-28,8
01-03-03-29,8
01-03-03-30,12
01-03-03-31,12
01-03-03-32,10
01-03-03-33,9
01-03-03-34,8
01-03-03-35,13
01-03-03-36,11
01-03-03-37,10
01-03-03-38,9
01-03-03-39,8
01-03-03-40,12
01-03-03-41,7
01-03-03-42,9
01-03-03-43,11
01-03-03-44,11
01-03-03-45,7
01-03-03-46,10
01-03-03-47,11
01-03-03-48,11
01-03-03-49,10
01-03-03-50,10
01-03-03-51,8
01-03-03-52,9
01-03-03-53,9
01-03-03-54,9
01-03-03-55,9
01-03-03-56,8
01-03-03-57,9
01-03-03-58,12
01-03-03-59,11
01-03-04-00,8
01-03-04-01,7
01-03-04-02,7
01-03-04-03,9
01-03-04-04,9
01-03-04-05,10
01-03-04-06,8
01-03-04-07,9
01-03-04-08,11
01-03-04-09,10
01-03-04-10,10
01-03-04-11,12
01-03-04-12,11
01-03-04-13,11
01-03-04-14,8
01-03-04-15,8
01-03-04-16,8
01-03-04-17,11
01-03-04-18,13
01-03-04-19,9
01-03-04-20,9
01-03-04-21,11
01-03-04-22,10
01-03-04-23,8
01-03-04-24,8
01-03-04-25,10
01-03-04-26,10
01-03-04-27,9
01-03-04-28,10
01-03-04-29,13
01-03-04-30,8
01-03-04-31,10
01-03-04-32,9
01-03-04-33,6
01-03-04-34,9
01-03-04-35,12
01-03-04-36,8
01-03-04-37,14
01-03-04-38,9
01-03-04-39,10
01-03-04-40,13
01-03-04-41,10
01-03-04-42,9
01-03-04-43,8
01-03-04-44,10
01-03-04-45,11
01-03-04-46,11
01-03-04-47,12
01-03-04-48,10
01-03-04-49,11
01-03-04-50,11
01-03-04-51,9
01-03-04-52,12
01-03-04-53,12
01-03-04-54,14
01-03-04-55,10
01-03-04-56,11
01-03-04-57,9
01-03-04-58,11
01-03-04-59,9
01-03-05-00,8
01-03-05-01,7
01-03-05-02,9
01-03-05-03,8
01-03-05-04,8
01-03-05-05,9
01-03-05-06,7
01-03-05-07,9
01-03-05-08,7
01-03-05-09,7
01-03-05-10,11
01-03-05-11,8
01-03-05-12,10
01-03-05-13,10
01-03-05-14,11
01-03-05-15,11
01-03-05-16,8
01-03-05-17,9
01-03-05-18,10
01-03-05-19,8
01-03-05-20,7
01-03-05-21,11
01-03-05-22,11
01-03-05-23,12
01-03-05-24,10
01-03-05-25,8
01-03-05-26,9
01-03-05-27,10
01-03-05-28,8
01-03-05-29,9
01-03-05-30,11
01-03-05-31,9
01-03-05-32,9
01-03-05-33,9
01-03-05-34,12
01-03-05-35,10
01-03-05-36,8
01-03-05-37,10
01-03-05-38,8
01-03-05-39,12
01-03-05-40,8
01-03-05-41,9
01-03-05-42,10
01-03-05-43,10
01-03-05-44,10
01-03-05-45,7
01-03-05-46,10
01-03-05-47,10
01-03-05-48,9
01-03-05-49,9
01-03-05-50,10
01-03-05-51,9
01-03-05-52,11
01-03-05-53,7
01-03-05-54,9
01-03-05-55,9
01-03-05-56,11
01-03-05-57,12
01-03-05-58,9
01-03-05-59,8
01-03-06-00,7
01-03-06-01,11
01-03-06-02,10
01-03-06-03,11
01-03-06-04,8
01-03-06-05,11
01-03-06-06,9
01-03-06-07,9
01-03-06-08,10
01-03-06-09,11
01-03-06-10,8
01-03-06-11,9
01-03-06-12,8
01-03-06-13,7
01-03-06-14,8
01-03-06-15,8
01-03-06-16,8
01-03-06-17,10
01-03-06-18,10
01-03-06-19,9
01-03-06-20,11
01-03-06-21,11
01-03-06-22,8
01-03-06-23,9
01-03-06-24,10
01-03-06-25,9
01-03-06-26,11
01-03-06-27,9
01-03-06-28,7
01-03-06-29,9
01-03-06-30,11
01-03-06-31,11
01-03-06-32,10
01-03-06-33,8
01-03-06-34,9
01-03-06-35,9
01-03-06-36,9
01-03-06-37,12
01-03-06-38,9
01-03-06-39,9
01-03-06-40,10
01-03-06-41,11
01-03-06-42,11
01-03-06-43,8
01-03-06-44,8
01-03-06-45,9
01-03-06-46,10
01-03-06-47,11
01-03-06-48,10
01-03-06-49,11
01-03-06-50,10
01-03-06-51,11
01-03-06-52,8
01-03-06-53,8
01-03-06-54,8
01-03-06-55,10
01-03-06-56,8
01-03-06-57,13
01-03-06-58,10
01-03-06-59,8
01-03-07-00,9
01-03-07-01,10
01-03-07-02,12
01-03-07-03,10
01-03-07-04,9
01-03-07-05,6
01-03-07-06,9
01-03-07-07,9
01-03-07-08,11
01-03-07-09,7
01-03-07-10,11
01-03-07-11,12
01-03-07-12,10
01-03-07-13,8
01-03-07-14,10
01-03-07-15,7
01-03-07-16,10
01-03-07-17,11
01-03-07-18,9
01-03-07-19,13
01-03-07-20,10
01-03-07-21,10
01-03-07-22,9
01-03-07-23,8
01-03-07-24,11
01-03-07-25,11
01-03-07-26,9
01-03-07-27,8
01-03-07-28,11
01-03-07-29,9
01-03-07-30,9
01-03-07-31,11
01-03-07-32,9
01-03-07-33,8
01-03-07-34,11
01-03-07-35,9
01-03-07-36,9
01-03-07-37,10
01-03-07-38,10
01-03-07-39,10
01-03-07-40,9
01-03-07-41,10
01-03-07-42,9
01-03-07-43,9
01-03-07-44,11
01-03-07-45,8
01-03-07-46,12
01-03-07-47,8
01-03-07-48,9
01-03-07-49,9
01-03-07-50,10
01-03-07-51,9
01-03-07-52,6
01-03-07-53,9
01-03-07-54,12
01-03-07-55,10
01-03-07-56,13
01-03-07-57,10
01-03-07-58,11
01-03-07-59,9
01-03-08-00,10
01-03-08-01,10
01-03-08-02,10
01-03-08-03,11
01-03-08-04,8
01-03-08-05,8
01-03-08-06,11
01-03-08-07,7
01-03-08-08,8
01-03-08-09,9
01-03-08-10,9
01-03-08-11,8
01-03-08-12,12
01-03-08-13,9
01-03-08-14,10
01-03-08-15,10
01-03-08-16,12
01-03-08-17,8
01-03-08-18,11
01-03-08-19,12
01-03-08-20,9
01-03-08-21,11
01-03-08-22,11
01-03-08-23,8
01-03-08-24,10
01-03-08-25,10
01-03-08-26,11
01-03-08-27,8
01-03-08-28,9
01-03-08-29,12
01-03-08-30,9
01-03-08-31,8
01-03-08-32,10
01-03-08-33,11
01-03-08-34,11
01-03-08-35,10
01-03-08-36,10
01-03-08-37,9
01-03-08-38,10
01-03-08-39,12
01-03-08-40,14
01-03-08-41,11
01-03-08-42,8
01-03-08-43,10
01-03-08-44,10
01-03-08-45,10
01-03-08-46,11
01-03-08-47,8
01-03-08-48,12
01-03-08-49,9
01-03-08-50,9
01-03-08-51,8
01-03-08-52,7
01-03-08-53,9
01-03-08-54,9
01-03-08-55,9
01-03-08-56,8
01-03-08-57,8
01-03-08-58,9
01-03-08-59,10
01-03-09-00,10
01-03-09-01,7
01-03-09-02,10
01-03-09-03,11
01-03-09-04,9
01-03-09-05,6
01-03-09-06,9
01-03-09-07,11
01-03-09-08,7
01-03-09-09,8
01-03-09-10,7
01-03-09-11,8
01-03-09-12,9
01-03-09-13,11
01-03-09-14,7
01-03-09-15,7
01-03-09-16,11
01-03-09-17,9
01-03-09-18,7
01-03-09-19,8
01-03-09-20,9
01-03-09-21,12
01-03-09-22,9
01-03-09-23,10
01-03-09-24,9
01-03-09-25,9
01-03-09-26,9
01-03-09-27,9
01-03-09-28,9
01-03-09-29,7
01-03-09-30,9
01-03-09-31,10
01-03-09-32,9
01-03-09-33,9
01-03-09-34,10
01-03-09-35,10
01-03-09-36,9
01-03-09-37,8
01-03-09-38,10
01-03-09-39,9
01-03-09-40,10
01-03-09-41,7
01-03-09-42,10
01-03-09-43,10
01-03-09-44,7
01-03-09-45,10
01-03-09-46,10
01-03-09-47,11
01-03-09-48,11
01-03-09-49,9
01-03-09-50,9
01-03-09-51,11
01-03-09-52,10
01-03-09-53,11
01-03-09-54,12
01-03-09-55,11
01-03-09-56,8
01-03-09-57,10
01-03-09-58,11
01-03-09-59,11
01-03-10-00,10
01-03-10-01,10
01-03-10-02,9
01-03-10-03,8
01-03-10-04,11
01-03-10-05,9
01-03-10-06,9
01-03-10-07,9
01-03-10-08,6
01-03-10-09,9
01-03-10-10,11
01-03-10-11,10
01-03-10-12,10
01-03-10-13,12
01-03-10-14,10
01-03-10-15,8
01-03-10-16,8
01-03-10-17,9
01-03-10-18,10
01-03-10-19,9
01-03-10-20,12
01-03-10-21,7
01-03-10-22,8
01-03-10-23,11
01-03-10-24,11
01-03-10-25,10
01-03-10-26,8
01-03-10-27,11
01-03-10-28,8
01-03-10-29,11
01-03-10-30,8
01-03-10-31,10
01-03-10-32,9
01-03-10-33,9
01-03-10-34,10
01-03-10-35,10
01-03-10-36,8
01-03-10-37,11
01-03-10-38,8
01-03-10-39,8
01-03-10-40,9
01-03-10-41,11
01-03-10-42,8
01-03-10-43,8
01-03-10-44,11
01-03-10-45,9
01-03-10-46,9
01-03-10-47,12
01-03-10-48,10
01-03-10-49,7
01-03-10-50,11
01-03-10-51,8
01-03-10-52,8
01-03-10-53,10
01-03-10-54,8
01-03-10-55,12
01-03-10-56,9
01-03-10-57,10
01-03-10-58,11
01-03-10-59,10
01-03-11-00,10
01-03-11-01,10
01-03-11-02,9
01-03-11-03,10
01-03-11-04,10
01-03-11-05,8
01-03-11-06,9
01-03-11-07,10
01-03-11-08,8
01-03-11-09,11
01-03-11-10,8
01-03-11-11,10
01-03-11-12,10
01-03-11-13,12
01-03-11-14,12
01-03-11-15,8
01-03-11-16,10
01-03-11-17,8
01-03-11-18,8
01-03-11-19,7
01-03-11-20,10
01-03-11-21,9
01-03-11-22,10
01-03-11-23,11
01-03-11-24,9
01-03-11-25,9
01-03-11-26,11
01-03-11-27,8
01-03-11-28,9
01-03-11-29,9
01-03-11-30,10
01-03-11-31,13
01-03-11-32,10
01-03-11-33,9
01-03-11-34,8
01-03-11-35,11
01-03-11-36,8
01-03-11-37,9
01-03-11-38,8
01-03-11-39,12
01-03-11-40,9
01-03-11-41,9
01-03-11-42,13
01-03-11-43,11
01-03-11-44,7
01-03-11-45,9
01-03-11-46,11
01-03-11-47,9
01-03-11-48,9
01-03-11-49,11
01-03-11-50,10
01-03-11-51,10
01-03-11-52,10
01-03-11-53,10
01-03-11-54,8
01-03-11-55,9
01-03-11-56,10
01-03-11-57,10
01-03-11-58,11
01-03-11-59,10
01-03-12-00,9
01-03-12-01,12
01-03-12-02,10
01-03-12-03,11
01-03-12-04,10
01-03-12-05,10
01-03-12-06,9
01-03-12-07,8
01-03-12-08,10
01-03-12-09,8
01-03-12-10,8
01-03-12-11,9
01-03-12-12,10
01-03-12-13,9
01-03-12-14,12
01-03-12-15,10
01-03-12-16,11
01-03-12-17,12
01-03-12-18,11
01-03-12-19,10
01-03-12-20,11
01-03-12-21,10
01-03-12-22,6
01-03-12-23,11
01-03-12-24,10
01-03-12-25,10
01-03-12-26,11
01-03-12-27,10
01-03-12-28,11
01-03-12-29,10
01-03-12-30,9
01-03-12-31,11
01-03-12-32,6
01-03-12-33,10
01-03-12-34,10
01-03-12-35,8
01-03-12-36,9
01-03-12-37,8
01-03-12-38,12
01-03-12-39,8
01-03-12-40,8
01-03-12-41,9
01-03-12-42,8
01-03-12-43,10
01-03-12-44,10
01-03-12-45,7
01-03-12-46,10
01-03-12-47,9
01-03-12-48,6
01-03-12-49,9
01-03-12-50,8
01-03-12-51,9
01-03-12-52,10
01-03-12-53,9
01-03-12-54,11
01-03-12-55,10
01-03-12-56,11
01-03-12-57,8
01-03-12-58,10
01-03-12-59,11
01-03-13-00,8
01-03-13-01,11
01-03-13-02,12
01-03-13-03,9
01-03-13-04,8
01-03-13-05,10
01-03-13-06,8
01-03-13-07,8
01-03-13-08,7
01-03-13-09,10
01-03-13-10,11
01-03-13-11,11
01-03-13-12,10
01-03-13-13,10
01-03-13-14,10
01-03-13-15,11
01-03-13-16,12
01-03-13-17,7
01-03-13-18,10
01-03-13-19,9
01-03-13-20,11
01-03-13-21,10
01-03-13-22,8
01-03-13-23,9
01-03-13-24,11
01-03-13-25,10
01-03-13-26,10
01-03-13-27,11
01-03-13-28,11
01-03-13-29,8
01-03-13-30,11
01-03-13-31,9
01-03-13-32,9
01-03-13-33,9
01-03-13-34,8
01-03-13-35,10
01-03-13-36,8
01-03-13-37,9
01-03-13-38,9
01-03-13-39,9
01-03-13-40,11
01-03-13-41,7
01-03-13-42,9
01-03-13-43,8
01-03-13-44,8
01-03-13-45,10
01-03-13-46,9
01-03-13-47,9
01-03-13-48,9
01-03-13-49,7
01-03-13-50,11
01-03-13-51,7
01-03-13-52,8
01-03-13-53,12
01-03-13-54,10
01-03-13-55,6
01-03-13-56,9
01-03-13-57,11
01-03-13-58,9
01-03-13-59,8
01-03-14-00,10
01-03-14-01,9
01-03-14-02,8
01-03-14-03,6
01-03-14-04,9
01-03-14-05,11
01-03-14-06,10
01-03-14-07,10
01-03-14-08,10
01-03-14-09,8
01-03-14-10,11
01-03-14-11,9
01-03-14-12,10
01-03-14-13,7
01-03-14-14,11
01-03-14-15,10
01-03-14-16,8
01-03-14-17,8
01-03-14-18,9
01-03-14-19,9
01-03-14-20,7
01-03-14-21,9
01-03-14-22,8
01-03-14-23,11
01-03-14-24,9
01-03-14-25,9
01-03-14-26,8
01-03-14-27,10
01-03-14-28,11
01-03-14-29,10
01-03-14-30,10
01-03-14-31,12
01-03-14-32,12
01-03-14-33,10
01-03-14-34,9
01-03-14-35,8
01-03-14-36,10
01-03-14-37,9
01-03-14-38,6
01-03-14-39,9
01-03-14-40,8
01-03-14-41,8
01-03-14-42,10
01-03-14-43,10
01-03-14-44,10
01-03-14-45,10
01-03-14-46,10
01-03-14-47,11
01-03-14-48,10
01-03-14-49,10
01-03-14-50,9
01-03-14-51,11
01-03-14-52,10
01-03-14-53,10
01-03-14-54,8
01-03-14-55,10
01-03-14-56,8
01-03-14-57,9
01-03-14-58,11
01-03-14-59,13
01-03-15-00,9
01-03-15-01,6
01-03-15-02,9
01-03-15-03,8
01-03-15-04,12
01-03-15-05,10
01-03-15-06,9
01-03-15-07,9
01-03-15-08,9
01-03-15-09,12
01-03-15-10,7
01-03-15-11,9
01-03-15-12,9
01-03-15-13,11
01-03-15-14,8
01-03-15-15,7
01-03-15-16,10
01-03-15-17,9
01-03-15-18,10
01-03-15-19,8
01-03-15-20,10
01-03-15-21,8
01-03-15-22,9
01-03-15-23,11
01-03-15-24,9
01-03-15-25,10
01-03-15-26,10
01-03-15-27,10
01-03-15-28,10
01-03-15-29,10
01-03-15-30,9
01-03-15-31,9
01-03-15-32,8
01-03-15-33,10
01-03-15-34,11
01-03-15-35,10
01-03-15-36,11
01-03-15-37,9
01-03-15-38,12
01-03-15-39,8
01-03-15-40,8
01-03-15-41,10
01-03-15-42,10
01-03-15-43,6
01-03-15-44,11
01-03-15-45,9
01-03-15-46,9
01-03-15-47,10
01-03-15-48,9
01-03-15-49,10
01-03-15-50,11
01-03-15-51,11
01-03-15-52,8
01-03-15-53,11
01-03-15-54,10
01-03-15-55,10
01-03-15-56,10
01-03-15-57,8
01-03-15-58,8
01-03-15-59,10
01-03-16-00,10
01-03-16-01,9
01-03-16-02,10
01-03-16-03,11
01-03-16-04,9
01-03-16-05,9
01-03-16-06,11
01-03-16-07,10
01-03-16-08,8
01-03-16-09,6
01-03-16-10,9
01-03-16-11,10
01-03-16-12,8
01-03-16-13,10
01-03-16-14,9
01-03-16-15,9
01-03-16-16,11
01-03-16-17,11
01-03-16-18,11
01-03-16-19,9
01-03-16-20,10
01-03-16-21,10
01-03-16-22,10
01-03-16-23,11
01-03-16-24,10
01-03-16-25,10
01-03-16-26,13
01-03-16-27,10
01-03-16-28,9
01-03-16-29,10
01-03-16-30,8
01-03-16-31,8
01-03-16-32,9
01-03-16-33,9
01-03-16-34,11
01-03-16-35,9
01-03-16-36,8
01-03-16-37,12
01-03-16-38,11
01-03-16-39,11
01-03-16-40,13
01-03-16-41,11
01-03-16-42,11
01-03-16-43,9
01-03-16-44,12
01-03-16-45,11
01-03-16-46,10
01-03-16-47,14
01-03-16-48,9
01-03-16-49,9
01-03-16-50,10
01-03-16-51,12
01-03-16-52,10
01-03-16-53,10
01-03-16-54,9
01-03-16-55,9
01-03-16-56,10
01-03-16-57,9
01-03-16-58,11
01-03-16-59,8
01-03-17-00,8
01-03-17-01,10
01-03-17-02,8
01-03-17-03,9
01-03-17-04,10
01-03-17-05,10
01-03-17-06,7
01-03-17-07,12
01-03-17-08,11
01-03-17-09,8
01-03-17-10,11
01-03-17-11,8
01-03-17-12,7
01-03-17-13,12
01-03-17-14,9
01-03-17-15,12
01-03-17-16,9
01-03-17-17,12
01-03-17-18,10
01-03-17-19,8
01-03-17-20,12
01-03-17-21,9
01-03-17-22,10
01-03-17-23,8
01-03-17-24,7
01-03-17-25,7
01-03-17-26,8
01-03-17-27,8
01-03-17-28,12
01-03-17-29,10
01-03-17-30,10
01-03-17-31,10
01-03-17-32,10
01-03-17-33,11
01-03-17-34,11
01-03-17-35,9
01-03-17-36,10
01-03-17-37,8
01-03-17-38,8
01-03-17-39,10
01-03-17-40,12
01-03-17-41,11
01-03-17-42,11
01-03-17-43,7
01-03-17-44,8
01-03-17-45,9
01-03-17-46,12
01-03-17-47,11
01-03-17-48,9
01-03-17-49,13
01-03-17-50,10
01-03-17-51,10
01-03-17-52,8
01-03-17-53,13
01-03-17-54,10
01-03-17-55,11
01-03-17-56,11
01-03-17-57,12
01-03-17-58,8
01-03-17-59,10
01-03-18-00,9
01-03-18-01,10
01-03-18-02,11
01-03-18-03,11
01-03-18-04,9
01-03-18-05,10
01-03-18-06,11
01-03-18-07,11
01-03-18-08,11
01-03-18-09,9
01-03-18-10,10
01-03-18-11,8
01-03-18-12,11
01-03-18-13,10
01-03-18-14,10
01-03-18-15,8
01-03-18-16,10
01-03-18-17,10
01-03-18-18,10
01-03-18-19,9
01-03-18-20,10
01-03-18-21,9
01-03-18-22,9
01-03-18-23,8
01-03-18-24,12
01-03-18-25,9
01-03-18-26,8
01-03-18-27,9
01-03-18-28,11
01-03-18-29,9
01-03-18-30,10
01-03-18-31,10
01-03-18-32,9
01-03-18-33,10
01-03-18-34,10
01-03-18-35,10
01-03-18-36,9
01-03-18-37,6
01-03-18-38,12
01-03-18-39,9
01-03-18-40,9
01-03-18-41,7
01-03-18-42,8
01-03-18-43,12
01-03-18-44,10
01-03-18-45,9
01-03-18-46,10
01-03-18-47,8
01-03-18-48,9
01-03-18-49,9
01-03-18-50,11
01-03-18-51,11
01-03-18-52,9
01-03-18-53,11
01-03-18-54,10
01-03-18-55,10
01-03-18-56,14
01-03-18-57,9
01-03-18-58,9
01-03-18-59,10
01-03-19-00,8
01-03-19-01,10
01-03-19-02,6
01-03-19-03,9
01-03-19-04,11
01-03-19-05,12
01-03-19-06,9
01-03-19-07,7
01-03-19-08,10
01-03-19-09,11
01-03-19-10,12
01-03-19-11,10
01-03-19-12,9
01-03-19-13,10
01-03-19-14,10
01-03-19-15,8
01-03-19-16,10
01-03-19-17,12
01-03-19-18,9
01-03-19-19,10
01-03-19-20,8
01-03-19-21,9
01-03-19-22,9
01-03-19-23,12
01-03-19-24,10
01-03-19-25,11
01-03-19-26,7
01-03-19-27,12
01-03-19-28,9
01-03-19-29,9
01-03-19-30,8
01-03-19-31,12
01-03-19-32,11
01-03-19-33,11
01-03-19-34,8
01-03-19-35,10
01-03-19-36,9
01-03-19-37,7
01-03-19-38,11
01-03-19-39,10
01-03-19-40,10
01-03-19-41,9
01-03-19-42,10
01-03-19-43,10
01-03-19-44,8
01-03-19-45,13
01-03-19-46,11
01-03-19-47,8
01-03-19-48,8
01-03-19-49,10
01-03-19-50,9
01-03-19-51,8
01-03-19-52,12
01-03-19-53,9
01-03-19-54,8
01-03-19-55,9
01-03-19-56,12
01-03-19-57,9
01-03-19-58,11
01-03-19-59,8
01-03-20-00,8
01-03-20-01,7
01-03-20-02,10
01-03-20-03,8
01-03-20-04,9
01-03-20-05,11
01-03-20-06,9
01-03-20-07,9
01-03-20-08,11
01-03-20-09,11
01-03-20-10,10
01-03-20-11,8
01-03-20-12,11
01-03-20-13,9
01-03-20-14,9
01-03-20-15,9
01-03-20-16,11
01-03-20-17,9
01-03-20-18,10
01-03-20-19,7
01-03-20-20,9
01-03-20-21,10
01-03-20-22,8
01-03-20-23,9
01-03-20-24,12
01-03-20-25,10
01-03-20-26,9
01-03-20-27,10
01-03-20-28,8
01-03-20-29,11
01-03-20-30,9
01-03-20-31,11
01-03-20-32,10
01-03-20-33,10
01-03-20-34,8
01-03-20-35,9
01-03-20-36,8
01-03-20-37,8
01-03-20-38,9
01-03-20-39,9
01-03-20-40,9
01-03-20-41,12
01-03-20-42,9
01-03-20-43,9
01-03-20-44,11
01-03-20-45,8
01-03-20-46,8
01-03-20-47,12
01-03-20-48,8
01-03-20-49,6
01-03-20-50,9
01-03-20-51,6
01-03-20-52,11
01-03-20-53,12
01-03-20-54,9
01-03-20-55,8
01-03-20-56,9
01-03-20-57,8
01-03-20-58,8
01-03-20-59,13
01-03-21-00,10
01-03-21-01,10
01-03-21-02,6
01-03-21-03,11
01-03-21-04,10
01-03-21-05,12
01-03-21-06,10
01-03-21-07,9
01-03-21-08,9
01-03-21-09,7
01-03-21-10,9
01-03-21-11,11
01-03-21-12,7
01-03-21-13,10
01-03-21-14,11
01-03-21-15,8
01-03-21-16,10
01-03-21-17,10
01-03-21-18,9
01-03-21-19,12
01-03-21-20,8
01-03-21-21,9
01-03-21-22,9
01-03-21-23,9
01-03-21-24,9
01-03-21-25,8
01-03-21-26,12
01-03-21-27,11
01-03-21-28,9
01-03-21-29,10
01-03-21-30,10
01-03-21-31,11
01-03-21-32,9
01-03-21-33,11
01-03-21-34,9
01-03-21-35,9
01-03-21-36,10
01-03-21-37,12
01-03-21-38,10
01-03-21-39,8
01-03-21-40,9
01-03-21-41,13
01-03-21-42,9
01-03-21-43,9
01-03-21-44,10
01-03-21-45,8
01-03-21-46,11
01-03-21-47,10
01-03-21-48,9
01-03-21-49,10
01-03-21-50,10
01-03-21-51,11
01-03-21-52,13
01-03-21-53,8
01-03-21-54,10
01-03-21-55,8
01-03-21-56,12
01-03-21-57,10
01-03-21-58,9
01-03-21-59,10
01-03-22-00,10
01-03-22-01,10
01-03-22-02,8
01-03-22-03,11
01-03-22-04,6
01-03-22-05,10
01-03-22-06,9
01-03-22-07,10
01-03-22-08,10
01-03-22-09,10
01-03-22-10,9
01-03-22-11,7
01-03-22-12,10
01-03-22-13,12
01-03-22-14,9
01-03-22-15,8
01-03-22-16,10
01-03-22-17,6
01-03-22-18,9
01-03-22-19,11
01-03-22-20,9
01-03-22-21,9
01-03-22-22,8
01-03-22-23,7
01-03-22-24,10
01-03-22-25,9
01-03-22-26,10
01-03-22-27,12
01-03-22-28,10
01-03-22-29,11
01-03-22-30,9
01-03-22-31,9
01-03-22-32,8
01-03-22-33,9
01-03-22-34,8
01-03-22-35,12
01-03-22-36,8
01-03-22-37,10
01-03-22-38,9
01-03-22-39,12
01-03-22-40,9
01-03-22-41,11
01-03-22-42,11
01-03-22-43,7
01-03-22-44,9
01-03-22-45,12
01-03-22-46,9
01-03-22-47,9
01-03-22-48,9
01-03-22-49,7
01-03-22-50,12
01-03-22-51,12
01-03-22-52,7
01-03-22-53,12
01-03-22-54,10
01-03-22-55,7
01-03-22-56,13
01-03-22-57,8
01-03-22-58,9
01-03-22-59,9
01-03-23-00,9
01-03-23-01,9
01-03-23-02,11
01-03-23-03,8
01-03-23-04,9
01-03-23-05,11
01-03-23-06,11
01-03-23-07,8
01-03-23-08,12
01-03-23-09,12
01-03-23-10,11
01-03-23-11,10
01-03-23-12,12
01-03-23-13,10
01-03-23-14,9
01-03-23-15,9
01-03-23-16,10
01-03-23-17,10
01-03-23-18,11
01-03-23-19,10
01-03-23-20,9
01-03-23-21,9
01-03-23-22,11
01-03-23-23,10
01-03-23-24,11
01-03-23-25,10
01-03-23-26,9
01-03-23-27,9
01-03-23-28,10
01-03-23-29,11
01-03-23-30,13
01-03-23-31,9
01-03-23-32,9
01-03-23-33,12
01-03-23-34,11
01-03-23-35,11
01-03-23-36,9
01-03-23-37,8
01-03-23-38,7
01-03-23-39,13
01-03-23-40,10
01-03-23-41,8
01-03-23-42,9
01-03-23-43,9
01-03-23-44,8
01-03-23-45,9
01-03-23-46,9
01-03-23-47,8
01-03-23-48,9
01-03-23-49,7
01-03-23-50,9
01-03-23-51,10
01-03-23-52,8
01-03-23-53,10
01-03-23-54,10
01-03-23-55,10
01-03-23-56,9
01-03-23-57,11
01-03-23-58,9
01-03-23-59,9
01-04-00-30,10
01-04-00-31,9
01-04-00-32,12
01-04-00-33,9
01-04-00-34,10
01-04-00-35,10
01-04-00-36,10
01-04-00-37,9
01-04-00-38,10
01-04-00-39,8
01-04-00-40,10
01-04-00-41,7
01-04-00-42,10
01-04-00-43,10
01-04-00-44,7
01-04-00-45,8
01-04-00-46,10
01-04-00-47,11
01-04-00-48,10
01-04-00-49,11
01-04-00-50,11
01-04-00-51,10
01-04-00-52,9
01-04-00-53,11
01-04-00-54,7
01-04-00-55,8
01-04-00-56,10
01-04-00-57,11
01-04-00-58,7
01-04-00-59,9
01-04-01-00,11
01-04-01-01,10
01-04-01-02,11
01-04-01-03,11
01-04-01-04,9
01-04-01-05,9
01-04-01-06,9
01-04-01-07,8
01-04-01-08,9
01-04-01-09,11
01-04-01-10,11
01-04-01-11,11
01-04-01-12,11
01-04-01-13,8
01-04-01-14,9
01-04-01-15,11
01-04-01-16,11
01-04-01-17,10
01-04-01-18,7
01-04-01-19,10
01-04-01-20,11
01-04-01-21,11
01-04-01-22,9
01-04-01-23,8
01-04-01-24,10
01-04-01-25,10
01-04-01-26,10
01-04-01-27,11
01-04-01-28,9
01-04-01-29,10
01-04-01-30,11
01-04-01-31,11
01-04-01-32,9
01-04-01-33,9
01-04-01-34,8
01-04-01-35,8
01-04-01-36,10
01-04-01-37,11
01-04-01-38,10
01-04-01-39,9
01-04-01-40,12
01-04-01-41,9
01-04-01-42,10
01-04-01-43,7
01-04-01-44,10
01-04-01-45,12
01-04-01-46,11
01-04-01-47,8
01-04-01-48,9
01-04-01-49,12
01-04-01-50,8
01-04-01-51,11
01-04-01-52,8
01-04-01-53,10
01-04-01-54,8
01-04-01-55,9
01-04-01-56,9
01-04-01-57,11
01-04-01-58,8
01-04-01-59,8
01-04-02-00,12
01-04-02-01,10
01-04-02-02,8
01-04-02-03,10
01-04-02-04,11
01-04-02-05,11
01-04-02-06,9
01-04-02-07,8
01-04-02-08,8
01-04-02-09,12
01-04-02-10,11
01-04-02-11,9
01-04-02-12,9
01-04-02-13,8
01-04-02-14,12
01-04-02-15,10
01-04-02-16,8
01-04-02-17,7
01-04-02-18,11
01-04-02-19,12
01-04-02-20,11
01-04-02-21,10
01-04-02-22,10
01-04-02-23,12
01-04-02-24,10
01-04-02-25,11
01-04-02-26,13
01-04-02-27,11
01-04-02-28,10
01-04-02-29,12
01-04-02-30,11
01-04-02-31,6
01-04-02-32,11
01-04-02-33,10
01-04-02-34,12
01-04-02-35,12
01-04-02-36,12
01-04-02-37,9
01-04-02-38,8
01-04-02-39,9
01-04-02-40,10
01-04-02-41,10
01-04-02-42,11
01-04-02-43,13
01-04-02-44,10
01-04-02-45,7
01-04-02-46,11
01-04-02-47,11
01-04-02-48,10
01-04-02-49,10
01-04-02-50,10
01-04-02-51,8
01-04-02-52,8
01-04-02-53,11
01-04-02-54,9
01-04-02-55,11
01-04-02-56,11
01-04-02-57,7
01-04-02-58,12
01-04-02-59,10
01-04-03-00,10
01-04-03-01,10
01-04-03-02,11
01-04-03-03,8
01-04-03-04,10
01-04-03-05,10
01-04-03-06,12
01-04-03-07,9
01-04-03-08,11
01-04-03-09,9
01-04-03-10,9
01-04-03-11,10
01-04-03-12,10
01-04-03-13,8
01-04-03-14,8
01-04-03-15,10
01-04-03-16,9
01-04-03-17,11
01-04-03-18,9
01-04-03-19,8
01-04-03-20,11
01-04-03-21,8
01-04-03-22,8
01-04-03-23,9
01-04-03-24,9
01-04-03-25,9
01-04-03-26,9
01-04-03-27,8
01-04-03-28,11
01-04-03-29,12
01-04-03-30,10
01-04-03-31,8
01-04-03-32,13
01-04-03-33,12
01-04-03-34,9
01-04-03-35,7
01-04-03-36,10
01-04-03-37,10
01-04-03-38,7
01-04-03-39,12
01-04-03-40,9
01-04-03-41,11
01-04-03-42,8
01-04-03-43,11
01-04-03-44,13
01-04-03-45,11
01-04-03-46,9
01-04-03-47,9
01-04-03-48,8
01-04-03-49,9
01-04-03-50,10
01-04-03-51,11
01-04-03-52,11
01-04-03-53,12
01-04-03-54,9
01-04-03-55,9
01-04-03-56,10
01-04-03-57,8
01-04-03-58,8
01-04-03-59,9
01-04-04-00,10
01-04-04-01,9
01-04-04-02,10
01-04-04-03,10
01-04-04-04,12
01-04-04-05,9
01-04-04-06,10
01-04-04-07,11
01-04-04-08,10
01-04-04-09,13
01-04-04-10,10
01-04-04-11,10
01-04-04-12,10
01-04-04-13,7
01-04-04-14,11
01-04-04-15,11
01-04-04-16,7
01-04-04-17,11
01-04-04-18,11
01-04-04-19,8
01-04-04-20,10
01-04-04-21,9
01-04-04-22,9
01-04-04-23,10
01-04-04-24,7
01-04-04-25,14
01-04-04-26,8
01-04-04-27,11
01-04-04-28,10
01-04-04-29,10
01-04-04-30,8
01-04-04-31,9
01-04-04-32,10
01-04-04-33,8
01-04-04-34,10
01-04-04-35,11
01-04-04-36,8
01-04-04-37,7
01-04-04-38,9
01-04-04-39,9
01-04-04-40,11
01-04-04-41,9
01-04-04-42,10
01-04-04-43,8
01-04-04-44,9
01-04-04-45,11
01-04-04-46,7
01-04-04-47,11
01-04-04-48,10
01-04-04-49,9
01-04-04-50,8
01-04-04-51,9
01-04-04-52,10
01-04-04-53,11
01-04-04-54,8
01-04-04-55,7
01-04-04-56,8
01-04-04-57,8
01-04-04-58,11
01-04-04-59,11
01-04-05-00,8
01-04-05-01,8
01-04-05-02,10
01-04-05-03,8
01-04-05-04,10
01-04-05-05,12
01-04-05-06,9
01-04-05-07,12
01-04-05-08,7
01-04-05-09,10
01-04-05-10,10
01-04-05-11,11
01-04-05-12,8
01-04-05-13,10
01-04-05-14,9
01-04-05-15,13
01-04-05-16,7
01-04-05-17,7
01-04-05-18,7
01-04-05-19,9
01-04-05-20,11
01-04-05-21,12
01-04-05-22,9
01-04-05-23,12
01-04-05-24,10
01-04-05-25,8
01-04-05-26,7
01-04-05-27,8
01-04-05-28,10
01-04-05-29,9
01-04-05-30,11
01-04-05-31,7
01-04-05-32,8
01-04-05-33,10
01-04-05-34,8
01-04-05-35,10
01-04-05-36,11
01-04-05-37,11
01-04-05-38,9
01-04-05-39,11
01-04-05-40,12
01-04-05-41,11
01-04-05-42,9
01-04-05-43,10
01-04-05-44,12
01-04-05-45,11
01-04-05-46,9
01-04-05-47,9
01-04-05-48,13
01-04-05-49,9
01-04-05-50,10
01-04-05-51,9
01-04-05-52,9
01-04-05-53,11
01-04-05-54,11
01-04-05-55,8
01-04-05-56,10
01-04-05-57,12
01-04-05-58,10
01-04-05-59,10
01-04-06-00,11
01-04-06-01,8
01-04-06-02,11
01-04-06-03,7
01-04-06-04,11
01-04-06-05,9
01-04-06-06,12
01-04-06-07,9
01-04-06-08,7
01-04-06-09,9
01-04-06-10,7
01-04-06-11,11
01-04-06-12,10
01-04-06-13,8
01-04-06-14,10
01-04-06-15,9
01-04-06-16,10
01-04-06-17,11
01-04-06-18,10
01-04-06-19,8
01-04-06-20,11
01-04-06-21,9
01-04-06-22,12
01-04-06-23,10
01-04-06-24,10
01-04-06-25,12
01-04-06-26,7
01-04-06-27,8
01-04-06-28,8
01-04-06-29,8
01-04-06-30,10
01-04-06-31,10
01-04-06-32,6
01-04-06-33,8
01-04-06-34,9
01-04-06-35,11
01-04-06-36,8
01-04-06-37,7
01-04-06-38,11
01-04-06-39,9
01-04-06-40,12
01-04-06-41,10
01-04-06-42,11
01-04-06-43,11
01-04-06-44,10
01-04-06-45,10
01-04-06-46,10
01-04-06-47,11
01-04-06-48,11
01-04-06-49,10
01-04-06-50,11
01-04-06-51,13
01-04-06-52,11
01-04-06-53,9
01-04-06-54,11
01-04-06-55,12
01-04-06-56,8
01-04-06-57,10
01-04-06-58,11
01-04-06-59,10
01-04-07-00,10
01-04-07-01,6
01-04-07-02,9
01-04-07-03,10
01-04-07-04,7
01-04-07-05,7
01-04-07-06,13
01-04-07-07,8
01-04-07-08,9
01-04-07-09,10
01-04-07-10,12
01-04-07-11,9
01-04-07-12,10
01-04-07-13,9
01-04-07-14,8
01-04-07-15,11
01-04-07-16,7
01-04-07-17,12
01-04-07-18,9
01-04-07-19,7
01-04-07-20,12
01-04-07-21,7
01-04-07-22,12
01-04-07-23,9
01-04-07-24,10
01-04-07-25,7
01-04-07-26,9
01-04-07-27,9
01-04-07-28,9
01-04-07-29,9
01-04-07-30,8
01-04-07-31,10
01-04-07-32,7
01-04-07-33,8
01-04-07-34,8
01-04-07-35,12
01-04-07-36,9
01-04-07-37,11
01-04-07-38,9
01-04-07-39,9
01-04-07-40,9
01-04-07-41,8
01-04-07-42,13
01-04-07-43,8
01-04-07-44,9
01-04-07-45,9
01-04-07-46,9
01-04-07-47,10
01-04-07-48,8
01-04-07-49,9
01-04-07-50,9
01-04-07-51,9
01-04-07-52,8
01-04-07-53,11
01-04-07-54,12
01-04-07-55,9
01-04-07-56,11
01-04-07-57,9
01-04-07-58,11
01-04-07-59,12
01-04-08-00,10
01-04-08-01,10
01-04-08-02,11
01-04-08-03,9
01-04-08-04,6
01-04-08-05,10
01-04-08-06,9
01-04-08-07,11
01-04-08-08,9
01-04-08-09,7
01-04-08-10,10
01-04-08-11,10
01-04-08-12,9
01-04-08-13,8
01-04-08-14,11
01-04-08-15,9
01-04-08-16,9
01-04-08-17,10
01-04-08-18,9
01-04-08-19,10
01-04-08-20,10
01-04-08-21,12
01-04-08-22,9
01-04-08-23,9
01-04-08-24,11
01-04-08-25,10
01-04-08-26,10
01-04-08-27,10
01-04-08-28,10
01-04-08-29,9
01-04-08-30,10
01-04-08-31,10
01-04-08-32,9
01-04-08-33,10
01-04-08-34,8
01-04-08-35,11
01-04-08-36,9
01-04-08-37,12
01-04-08-38,13
01-04-08-39,8
01-04-08-40,13
01-04-08-41,12
01-04-08-42,10
01-04-08-43,10
01-04-08-44,9
01-04-08-45,8
01-04-08-46,9
01-04-08-47,10
01-04-08-48,9
01-04-08-49,9
01-04-08-50,9
01-04-08-51,7
01-04-08-52,8
01-04-08-53,11
01-04-08-54,9
01-04-08-55,11
01-04-08-56,11
01-04-08-57,9
01-04-08-58,7
01-04-08-59,10
01-04-09-00,8
01-04-09-01,11
01-04-09-02,11
01-04-09-03,10
01-04-09-04,11
01-04-09-05,10
01-04-09-06,9
01-04-09-07,8
01-04-09-08,10
01-04-09-09,9
01-04-09-10,8
01-04-09-11,10
01-04-09-12,9
01-04-09-13,9
01-04-09-14,13
01-04-09-15,11
01-04-09-16,9
01-04-09-17,11
01-04-09-18,11
01-04-09-19,11
01-04-09-20,11
01-04-09-21,9
01-04-09-22,9
01-04-09-23,12
01-04-09-24,12
01-04-09-25,9
01-04-09-26,10
01-04-09-27,10
01-04-09-28,10
01-04-09-29,10
01-04-09-30,12
01-04-09-31,8
01-04-09-32,8
01-04-09-33,12
01-04-09-34,8
01-04-09-35,9
01-04-09-36,9
01-04-09-37,9
01-04-09-38,10
01-04-09-39,9
01-04-09-40,10
01-04-09-41,9
01-04-09-42,11
01-04-09-43,10
01-04-09-44,8
01-04-09-45,7
01-04-09-46,9
01-04-09-47,10
01-04-09-48,10
01-04-09-49,8
01-04-09-50,13
01-04-09-51,8
01-04-09-52,12
01-04-09-53,10
01-04-09-54,10
01-04-09-55,9
01-04-09-56,9
01-04-09-57,8
01-04-09-58,9
01-04-09-59,8
01-04-10-00,9
01-04-10-01,9
01-04-10-02,9
01-04-10-03,11
01-04-10-04,9
01-04-10-05,10
01-04-10-06,10
01-04-10-07,8
01-04-10-08,8
01-04-10-09,13
01-04-10-10,9
01-04-10-11,8
01-04-10-12,10
01-04-10-13,10
01-04-10-14,10
01-04-10-15,13
01-04-10-16,11
01-04-10-17,10
01-04-10-18,11
01-04-10-19,8
01-04-10-20,11
01-04-10-21,9
01-04-10-22,10
01-04-10-23,11
01-04-10-24,11
01-04-10-25,8
01-04-10-26,11
01-04-10-27,8
01-04-10-28,10
01-04-10-29,11
01-04-10-30,9
01-04-10-31,10
01-04-10-32,10
01-04-10-33,7
01-04-10-34,10
01-04-10-35,9
01-04-10-36,12
01-04-10-37,7
01-04-10-38,9
01-04-10-39,11
01-04-10-40,11
01-04-10-41,9
01-04-10-42,11
01-04-10-43,10
01-04-10-44,7
01-04-10-45,8
01-04-10-46,10
01-04-10-47,9
01-04-10-48,8
01-04-10-49,12
01-04-10-50,10
01-04-10-51,10
01-04-10-52,10
01-04-10-53,7
01-04-10-54,10
01-04-10-55,10
01-04-10-56,9
01-04-10-57,9
01-04-10-58,10
01-04-10-59,10
01-04-11-00,12
01-04-11-01,11
01-04-11-02,10
01-04-11-03,8
01-04-11-04,10
01-04-11-05,11
01-04-11-06,7
01-04-11-07,11
01-04-11-08,8
01-04-11-09,9
01-04-11-10,8
01-04-11-11,11
01-04-11-12,7
01-04-11-13,9
01-04-11-14,10
01-04-11-15,11
01-04-11-16,12
01-04-11-17,8
01-04-11-18,8
01-04-11-19,10
01-04-11-20,8
01-04-11-21,9
01-04-11-22,9
01-04-11-23,7
01-04-11-24,10
01-04-11-25,12
01-04-11-26,9
01-04-11-27,8
01-04-11-28,12
01-04-11-29,8
01-04-11-30,9
01-04-11-31,11
01-04-11-32,12
01-04-11-33,12
01-04-11-34,8
01-04-11-35,12
01-04-11-36,8
01-04-11-37,10
01-04-11-38,8
01-04-11-39,6
01-04-11-40,10
01-04-11-41,12
01-04-11-42,9
01-04-11-43,9
01-04-11-44,9
01-04-11-45,9
01-04-11-46,10
01-04-11-47,8
01-04-11-48,11
01-04-11-49,12
